Frame,Class,Confidence,X1,Y1,X2,Y2
35,antenna,0.52,283,165,311,245
36,antenna,0.62,283,165,311,244
37,antenna,0.61,283,164,310,245
37,antenna,0.37,360,163,388,228
38,antenna,0.60,283,164,310,246
38,antenna,0.49,359,163,388,229
39,antenna,0.59,284,164,310,245
39,antenna,0.56,359,163,388,229
39,antenna,0.38,315,102,342,179
39,antenna,0.34,228,120,258,193
40,antenna,0.58,283,163,309,246
40,antenna,0.56,359,161,388,230
40,antenna,0.41,315,102,342,180
40,antenna,0.33,228,120,259,192
41,antenna,0.57,283,163,309,246
41,antenna,0.55,359,160,388,229
41,antenna,0.46,315,102,342,180
41,antenna,0.39,228,119,259,192
42,antenna,0.57,359,160,387,229
42,antenna,0.56,283,163,308,246
42,antenna,0.43,316,102,341,179
42,antenna,0.41,228,119,259,193
43,antenna,0.56,358,159,387,230
43,antenna,0.55,283,162,308,246
43,antenna,0.42,315,101,341,180
43,antenna,0.40,228,118,259,193
44,antenna,0.56,358,158,387,230
44,antenna,0.55,283,163,308,246
44,antenna,0.43,315,101,341,179
44,antenna,0.41,228,118,259,194
45,antenna,0.56,358,158,387,230
45,antenna,0.54,283,163,307,245
45,antenna,0.45,315,102,341,178
45,antenna,0.40,229,118,259,194
46,antenna,0.56,358,159,387,230
46,antenna,0.54,283,163,307,245
46,antenna,0.45,315,102,341,178
46,antenna,0.38,229,118,260,196
47,antenna,0.55,358,158,387,230
47,antenna,0.54,282,163,307,245
47,antenna,0.45,314,102,341,179
47,antenna,0.36,229,118,260,196
48,antenna,0.57,358,159,387,231
48,antenna,0.54,282,163,307,245
48,antenna,0.47,315,102,341,178
48,antenna,0.37,229,118,259,196
49,antenna,0.57,358,159,387,231
49,antenna,0.53,283,164,306,245
49,antenna,0.46,315,102,342,178
49,antenna,0.37,229,119,259,197
49,antenna,0.32,192,169,231,249
50,antenna,0.56,357,158,388,231
50,antenna,0.53,282,163,306,245
50,antenna,0.44,313,102,342,178
50,antenna,0.36,229,118,260,197
50,antenna,0.32,192,170,231,249
51,antenna,0.55,357,155,388,232
51,antenna,0.52,281,163,306,245
51,antenna,0.45,312,101,343,178
51,antenna,0.34,192,172,231,248
51,antenna,0.34,229,118,261,197
52,antenna,0.55,357,153,388,232
52,antenna,0.51,281,164,306,245
52,antenna,0.45,311,101,343,178
52,antenna,0.38,193,173,231,248
52,antenna,0.33,229,118,261,198
53,antenna,0.53,357,152,389,232
53,antenna,0.50,281,164,306,245
53,antenna,0.48,310,101,343,178
53,antenna,0.37,193,171,231,248
53,antenna,0.32,229,117,261,198
54,antenna,0.50,309,100,344,179
54,antenna,0.50,357,151,389,232
54,antenna,0.49,281,164,305,245
54,antenna,0.32,193,170,231,246
54,antenna,0.31,229,117,261,198
55,antenna,0.53,309,100,344,178
55,antenna,0.50,281,164,305,245
55,antenna,0.49,357,151,389,232
55,antenna,0.31,193,170,232,246
56,antenna,0.52,309,101,344,179
56,antenna,0.49,280,164,305,245
56,antenna,0.47,357,150,389,233
57,antenna,0.51,310,101,345,181
57,antenna,0.50,280,164,305,244
57,antenna,0.45,357,150,389,234
58,antenna,0.51,311,101,345,180
58,antenna,0.51,279,165,305,244
58,antenna,0.45,356,150,388,234
58,antenna,0.30,229,116,260,200
59,antenna,0.51,279,165,304,244
59,antenna,0.50,311,101,345,181
59,antenna,0.45,356,149,389,234
60,antenna,0.52,279,165,304,244
60,antenna,0.49,311,97,346,185
60,antenna,0.45,356,149,388,234
61,antenna,0.52,279,165,304,244
61,antenna,0.46,356,149,388,234
61,antenna,0.45,312,101,345,181
62,antenna,0.52,279,165,304,244
62,antenna,0.45,311,97,346,183
62,antenna,0.45,356,151,387,231
63,antenna,0.53,279,165,303,244
63,antenna,0.43,357,153,387,231
63,antenna,0.40,311,98,346,183
64,antenna,0.54,278,165,303,244
64,antenna,0.43,356,162,386,231
64,antenna,0.39,312,98,346,182
65,antenna,0.54,278,164,303,244
65,antenna,0.43,356,163,386,232
65,antenna,0.39,312,98,346,183
66,antenna,0.55,278,164,303,244
66,antenna,0.44,356,164,386,232
66,antenna,0.38,315,102,346,182
67,antenna,0.55,278,164,303,244
67,antenna,0.44,357,158,386,232
67,antenna,0.40,315,102,346,182
68,antenna,0.55,278,164,303,245
68,antenna,0.43,358,158,386,232
68,antenna,0.39,313,99,347,184
69,antenna,0.55,278,164,303,245
69,antenna,0.42,358,156,386,232
69,antenna,0.37,314,99,348,184
70,antenna,0.55,278,164,302,245
70,antenna,0.42,358,159,386,232
70,antenna,0.36,316,102,347,182
71,antenna,0.54,278,163,302,245
71,antenna,0.41,358,162,385,232
71,antenna,0.34,313,101,348,184
72,antenna,0.54,277,163,302,245
72,antenna,0.40,358,167,383,232
72,antenna,0.32,313,101,349,183
73,antenna,0.54,277,163,302,245
73,antenna,0.41,357,166,384,233
74,antenna,0.54,277,164,302,245
74,antenna,0.41,358,166,384,233
75,antenna,0.53,277,164,302,246
75,antenna,0.39,358,166,383,234
76,antenna,0.54,277,164,302,245
76,antenna,0.40,358,166,383,235
77,antenna,0.54,277,163,302,245
77,antenna,0.40,357,170,381,235
77,antenna,0.31,236,114,268,192
77,antenna,0.30,319,101,349,179
78,antenna,0.54,277,163,302,245
78,antenna,0.40,357,170,381,235
78,antenna,0.30,320,102,349,179
78,antenna,0.30,236,114,267,191
79,antenna,0.54,277,163,302,245
79,antenna,0.41,357,171,380,235
80,antenna,0.53,277,163,302,246
80,antenna,0.39,357,171,380,236
81,antenna,0.53,277,163,302,246
81,antenna,0.39,357,171,379,236
81,antenna,0.30,191,166,226,238
82,antenna,0.53,277,163,301,246
82,antenna,0.39,358,172,379,236
82,antenna,0.33,191,166,226,239
82,antenna,0.31,324,103,351,178
83,antenna,0.53,277,163,302,246
83,antenna,0.38,358,171,379,237
83,antenna,0.30,324,103,351,179
83,antenna,0.30,191,166,227,239
84,antenna,0.52,277,163,302,246
84,antenna,0.39,358,172,379,237
85,antenna,0.53,277,163,302,246
85,antenna,0.39,358,172,379,237
85,antenna,0.34,322,103,353,182
85,antenna,0.33,191,165,228,239
86,antenna,0.52,277,163,302,246
86,antenna,0.38,358,172,379,238
86,antenna,0.32,322,103,353,183
86,antenna,0.32,190,163,228,239
87,antenna,0.53,277,163,302,246
87,antenna,0.38,358,173,379,238
87,antenna,0.36,323,104,354,182
87,antenna,0.34,190,161,229,238
88,antenna,0.53,276,163,302,246
88,antenna,0.39,358,172,379,238
88,antenna,0.39,190,161,228,238
88,antenna,0.34,323,105,353,182
89,antenna,0.53,276,163,302,246
89,antenna,0.39,190,160,228,239
89,antenna,0.38,358,172,379,239
89,antenna,0.35,322,104,354,184
90,antenna,0.53,276,163,303,246
90,antenna,0.41,191,160,227,239
90,antenna,0.39,358,172,379,239
90,antenna,0.38,321,104,354,185
91,antenna,0.53,276,163,303,246
91,antenna,0.42,191,162,227,239
91,antenna,0.40,358,172,379,239
91,antenna,0.38,322,104,355,184
92,antenna,0.53,276,163,303,245
92,antenna,0.44,190,159,228,239
92,antenna,0.40,357,170,378,240
92,antenna,0.38,322,104,355,185
93,antenna,0.54,276,164,304,245
93,antenna,0.46,190,156,228,239
93,antenna,0.40,357,172,378,241
93,antenna,0.36,323,104,355,184
94,antenna,0.55,276,163,304,245
94,antenna,0.45,189,157,229,238
94,antenna,0.41,357,172,378,241
94,antenna,0.37,324,104,355,184
95,antenna,0.55,276,163,304,245
95,antenna,0.44,189,158,228,237
95,antenna,0.39,357,172,378,241
95,antenna,0.36,322,103,355,185
96,antenna,0.56,275,163,304,245
96,antenna,0.42,190,160,228,237
96,antenna,0.39,357,172,378,241
96,antenna,0.35,323,103,356,185
97,antenna,0.58,275,163,304,245
97,antenna,0.43,190,161,227,236
97,antenna,0.40,357,173,379,241
97,antenna,0.33,323,102,356,184
98,antenna,0.58,275,163,303,245
98,antenna,0.41,190,158,227,236
98,antenna,0.39,357,173,379,241
98,antenna,0.35,323,103,357,185
99,antenna,0.58,275,164,302,245
99,antenna,0.45,191,155,227,235
99,antenna,0.39,357,173,379,242
99,antenna,0.38,322,103,357,185
100,antenna,0.58,275,164,302,245
100,antenna,0.46,191,155,227,234
100,antenna,0.41,357,173,379,242
100,antenna,0.37,322,104,357,185
101,antenna,0.58,274,163,302,245
101,antenna,0.44,191,154,227,234
101,antenna,0.40,356,173,380,242
101,antenna,0.35,321,104,357,186
102,antenna,0.58,274,163,302,245
102,antenna,0.46,191,154,227,233
102,antenna,0.41,356,173,380,242
102,antenna,0.34,320,104,357,186
103,antenna,0.59,274,163,301,245
103,antenna,0.49,191,155,227,233
103,antenna,0.42,356,174,379,242
104,antenna,0.59,274,163,302,245
104,antenna,0.49,191,153,227,233
104,antenna,0.41,356,174,380,242
105,antenna,0.58,273,163,302,245
105,antenna,0.49,191,153,228,233
105,antenna,0.42,356,174,380,243
106,antenna,0.59,273,164,301,246
106,antenna,0.51,190,153,228,232
106,antenna,0.42,356,175,380,243
107,antenna,0.59,273,163,302,246
107,antenna,0.52,191,152,227,232
107,antenna,0.42,355,174,380,243
108,antenna,0.59,273,164,301,244
108,antenna,0.54,191,152,228,231
108,antenna,0.44,355,174,380,244
109,antenna,0.60,273,164,300,244
109,antenna,0.56,191,153,227,230
109,antenna,0.45,355,174,380,244
110,antenna,0.60,272,163,300,244
110,antenna,0.56,191,150,228,230
110,antenna,0.45,355,175,380,245
111,antenna,0.60,272,163,300,243
111,antenna,0.57,191,149,228,230
111,antenna,0.47,355,175,381,245
112,antenna,0.61,272,163,299,243
112,antenna,0.58,191,150,228,230
112,antenna,0.49,355,175,381,245
113,antenna,0.60,272,163,299,243
113,antenna,0.59,191,150,228,230
113,antenna,0.49,355,175,381,245
114,antenna,0.60,191,148,229,230
114,antenna,0.59,272,163,299,243
114,antenna,0.51,354,175,381,245
115,antenna,0.59,271,163,299,242
115,antenna,0.59,191,148,229,230
115,antenna,0.52,354,176,381,245
115,antenna,0.30,331,107,359,184
116,antenna,0.56,270,162,300,243
116,antenna,0.55,190,148,230,230
116,antenna,0.51,354,177,381,245
117,antenna,0.56,270,162,299,243
117,antenna,0.54,190,148,230,230
117,antenna,0.50,354,177,381,245
117,antenna,0.31,323,106,359,185
118,antenna,0.56,270,162,299,242
118,antenna,0.54,191,150,229,229
118,antenna,0.49,354,178,381,245
118,antenna,0.36,324,106,360,185
119,antenna,0.55,270,162,299,242
119,antenna,0.53,191,149,229,229
119,antenna,0.47,354,178,381,246
119,antenna,0.38,322,106,360,185
120,antenna,0.55,270,162,298,241
120,antenna,0.52,191,149,228,229
120,antenna,0.45,353,178,381,246
120,antenna,0.35,321,106,360,185
121,antenna,0.55,270,162,298,241
121,antenna,0.53,191,148,228,229
121,antenna,0.44,353,180,380,247
121,antenna,0.33,321,106,360,184
122,antenna,0.54,270,162,298,241
122,antenna,0.47,191,146,228,228
122,antenna,0.43,353,180,380,247
122,antenna,0.34,320,106,360,184
123,antenna,0.55,270,162,298,241
123,antenna,0.46,191,146,227,228
123,antenna,0.42,353,180,379,247
123,antenna,0.33,321,106,360,184
124,antenna,0.56,270,161,298,241
124,antenna,0.46,191,146,227,227
124,antenna,0.42,353,179,379,247
125,antenna,0.56,270,161,298,241
125,antenna,0.41,353,180,378,247
125,antenna,0.34,191,146,227,227
126,antenna,0.56,270,161,298,241
126,antenna,0.40,353,179,378,247
127,antenna,0.56,269,160,297,241
127,antenna,0.40,353,180,376,245
127,antenna,0.36,191,148,227,225
128,antenna,0.56,269,159,297,241
128,antenna,0.40,353,180,376,245
128,antenna,0.31,190,148,228,225
129,antenna,0.56,269,159,297,241
129,antenna,0.40,353,180,376,244
130,antenna,0.57,269,159,297,241
130,antenna,0.41,353,180,376,244
131,antenna,0.56,268,159,297,241
131,antenna,0.40,352,181,376,244
132,antenna,0.57,268,159,296,241
132,antenna,0.40,352,181,376,244
133,antenna,0.57,268,158,296,241
133,antenna,0.40,352,181,375,244
134,antenna,0.57,268,158,295,241
134,antenna,0.40,352,182,376,245
135,antenna,0.57,268,157,295,240
135,antenna,0.40,352,182,376,245
136,antenna,0.58,268,158,295,240
136,antenna,0.41,350,182,372,247
137,antenna,0.58,268,158,295,240
137,antenna,0.40,352,182,375,247
138,antenna,0.59,268,158,295,240
138,antenna,0.40,350,182,372,248
139,antenna,0.61,268,158,294,240
139,antenna,0.39,350,182,371,247
140,antenna,0.60,267,157,294,240
140,antenna,0.38,352,182,374,247
141,antenna,0.61,267,157,294,240
141,antenna,0.38,350,183,371,247
142,antenna,0.61,267,158,294,240
142,antenna,0.38,350,184,371,247
143,antenna,0.58,267,157,294,240
143,antenna,0.38,350,183,370,247
144,antenna,0.54,267,155,293,241
144,antenna,0.40,350,184,370,247
145,antenna,0.54,267,156,293,241
145,antenna,0.42,350,184,370,247
146,antenna,0.53,266,154,293,241
146,antenna,0.43,350,184,370,247
147,antenna,0.53,266,153,292,240
147,antenna,0.45,349,184,370,246
148,antenna,0.53,266,154,292,240
148,antenna,0.47,349,184,370,246
149,antenna,0.50,264,150,292,240
149,antenna,0.45,349,184,369,246
150,antenna,0.49,262,139,293,240
150,antenna,0.45,349,184,369,246
151,antenna,0.50,264,150,292,239
151,antenna,0.47,349,184,369,246
152,antenna,0.47,261,122,293,239
152,antenna,0.47,349,184,369,246
153,antenna,0.47,260,120,293,239
153,antenna,0.47,348,184,369,246
153,antenna,0.36,190,134,226,215
154,antenna,0.50,261,136,292,239
154,antenna,0.47,348,184,368,245
154,antenna,0.33,190,134,227,215
155,antenna,0.48,260,126,293,239
155,antenna,0.46,347,185,369,246
155,antenna,0.31,189,137,227,214
156,antenna,0.48,260,129,292,238
156,antenna,0.46,347,185,369,246
156,antenna,0.39,189,135,227,214
157,antenna,0.50,260,133,292,238
157,antenna,0.47,347,185,368,246
157,antenna,0.46,189,136,226,214
158,antenna,0.47,259,119,293,238
158,antenna,0.47,347,185,368,246
158,antenna,0.45,189,134,226,214
159,antenna,0.47,346,185,368,247
159,antenna,0.46,260,123,291,236
159,antenna,0.40,189,133,226,213
159,antenna,0.30,368,168,387,234
160,antenna,0.47,346,186,368,247
160,antenna,0.47,260,127,291,236
160,antenna,0.41,189,130,226,213
160,antenna,0.31,367,168,387,234
161,antenna,0.47,260,128,291,235
161,antenna,0.46,345,186,368,247
161,antenna,0.39,190,129,225,212
161,antenna,0.31,365,167,386,235
162,antenna,0.46,260,145,289,234
162,antenna,0.45,345,185,367,247
162,antenna,0.45,190,128,225,211
162,antenna,0.33,365,168,386,235
163,antenna,0.48,260,143,290,234
163,antenna,0.46,190,130,225,211
163,antenna,0.46,345,185,366,247
163,antenna,0.35,365,168,386,235
164,antenna,0.47,260,148,288,233
164,antenna,0.43,345,185,366,247
164,antenna,0.42,190,132,225,211
164,antenna,0.34,365,169,386,236
165,antenna,0.46,260,150,288,232
165,antenna,0.43,189,131,224,210
165,antenna,0.42,345,185,366,247
165,antenna,0.34,365,168,386,236
166,antenna,0.46,261,151,287,232
166,antenna,0.45,190,131,225,210
166,antenna,0.42,345,186,365,247
166,antenna,0.35,366,168,386,237
167,antenna,0.46,261,152,286,233
167,antenna,0.45,345,186,365,247
167,antenna,0.45,191,133,223,208
167,antenna,0.39,366,168,386,236
168,antenna,0.45,260,151,287,233
168,antenna,0.43,190,131,225,209
168,antenna,0.42,345,186,365,247
168,antenna,0.39,366,168,386,236
169,antenna,0.46,261,153,286,232
169,antenna,0.43,190,132,223,208
169,antenna,0.40,345,186,365,247
169,antenna,0.39,365,168,386,237
170,antenna,0.46,261,153,286,232
170,antenna,0.40,191,135,223,208
170,antenna,0.40,344,187,364,248
170,antenna,0.38,364,170,386,238
171,antenna,0.45,261,154,286,232
171,antenna,0.38,364,170,386,238
171,antenna,0.38,344,187,364,248
171,antenna,0.37,191,138,225,208
172,antenna,0.45,261,154,286,232
172,antenna,0.38,191,134,225,208
172,antenna,0.38,344,187,364,248
172,antenna,0.38,364,171,386,238
173,antenna,0.45,261,154,285,232
173,antenna,0.39,344,187,363,249
173,antenna,0.38,364,171,386,238
173,antenna,0.36,191,139,224,207
174,antenna,0.47,261,154,286,232
174,antenna,0.41,191,132,224,207
174,antenna,0.39,364,171,386,238
174,antenna,0.38,344,187,363,249
175,antenna,0.47,261,154,287,231
175,antenna,0.42,191,128,224,207
175,antenna,0.38,364,171,386,238
175,antenna,0.38,344,187,363,250
176,antenna,0.50,261,153,287,231
176,antenna,0.47,191,136,223,206
176,antenna,0.39,364,170,386,238
176,antenna,0.39,343,187,362,250
176,antenna,0.32,347,106,371,184
177,antenna,0.49,261,153,287,231
177,antenna,0.43,191,134,224,206
177,antenna,0.40,363,170,386,238
177,antenna,0.39,343,186,363,251
178,antenna,0.51,261,152,287,231
178,antenna,0.48,191,133,224,206
178,antenna,0.41,363,170,386,238
178,antenna,0.41,342,187,361,251
179,antenna,0.53,261,152,287,231
179,antenna,0.51,192,133,225,206
179,antenna,0.44,365,169,386,238
179,antenna,0.43,342,187,361,251
180,antenna,0.53,261,152,287,231
180,antenna,0.52,191,132,225,205
180,antenna,0.44,342,187,361,251
180,antenna,0.41,365,169,386,238
181,antenna,0.55,192,132,225,205
181,antenna,0.53,261,152,287,231
181,antenna,0.45,342,187,361,251
181,antenna,0.39,365,169,386,239
182,antenna,0.57,192,135,225,204
182,antenna,0.53,261,152,287,231
182,antenna,0.44,342,188,360,252
182,antenna,0.39,363,172,386,239
183,antenna,0.58,191,130,226,205
183,antenna,0.53,261,152,286,231
183,antenna,0.43,341,188,360,252
183,antenna,0.37,363,173,386,239
184,antenna,0.59,191,127,227,204
184,antenna,0.53,261,152,286,231
184,antenna,0.42,341,188,360,252
184,antenna,0.36,363,173,386,241
185,antenna,0.59,192,130,227,203
185,antenna,0.54,261,152,286,231
185,antenna,0.41,341,189,359,253
185,antenna,0.37,363,173,385,241
186,antenna,0.58,191,127,228,203
186,antenna,0.53,260,152,286,231
186,antenna,0.39,341,189,359,253
186,antenna,0.34,363,174,385,242
187,antenna,0.58,192,127,228,202
187,antenna,0.53,260,151,286,231
187,antenna,0.37,341,189,359,252
187,antenna,0.32,363,174,385,243
188,antenna,0.59,192,127,227,202
188,antenna,0.55,260,151,287,231
188,antenna,0.38,340,189,359,252
188,antenna,0.33,363,174,385,242
189,antenna,0.58,192,127,228,202
189,antenna,0.53,260,151,287,231
189,antenna,0.37,340,189,359,252
190,antenna,0.56,192,132,227,202
190,antenna,0.54,260,150,287,231
190,antenna,0.37,339,189,360,252
191,antenna,0.57,192,134,228,201
191,antenna,0.54,260,150,287,231
191,antenna,0.38,339,189,360,252
192,antenna,0.55,192,132,228,200
192,antenna,0.52,259,150,287,231
192,antenna,0.35,338,189,360,252
193,antenna,0.55,192,132,229,199
193,antenna,0.52,259,150,286,231
193,antenna,0.35,338,189,360,253
194,antenna,0.56,193,134,228,199
194,antenna,0.53,259,149,286,231
194,antenna,0.37,337,189,360,253
195,antenna,0.53,193,130,230,198
195,antenna,0.51,260,149,285,230
195,antenna,0.35,337,189,359,253
196,antenna,0.55,193,128,230,199
196,antenna,0.52,259,148,285,230
196,antenna,0.35,336,189,359,253
197,antenna,0.56,193,130,230,198
197,antenna,0.53,259,148,285,230
197,antenna,0.37,336,189,358,252
198,antenna,0.55,193,128,230,199
198,antenna,0.53,259,147,285,230
198,antenna,0.37,336,189,358,253
199,antenna,0.53,259,147,285,230
199,antenna,0.53,193,127,229,198
199,antenna,0.37,336,189,358,253
199,antenna,0.30,361,176,382,241
200,antenna,0.54,259,147,284,230
200,antenna,0.53,193,128,229,198
200,antenna,0.38,336,189,357,252
200,antenna,0.32,361,176,381,241
201,antenna,0.53,259,147,284,230
201,antenna,0.51,193,125,230,198
201,antenna,0.37,335,189,357,253
201,antenna,0.30,361,176,381,241
202,antenna,0.52,259,147,284,230
202,antenna,0.49,193,126,230,197
202,antenna,0.38,336,189,356,253
202,antenna,0.30,361,176,381,240
203,antenna,0.53,259,146,283,230
203,antenna,0.52,194,130,228,197
203,antenna,0.39,335,189,355,253
204,antenna,0.52,259,146,283,230
204,antenna,0.50,194,128,228,197
204,antenna,0.39,335,189,356,253
205,antenna,0.52,259,146,283,230
205,antenna,0.51,194,128,228,197
205,antenna,0.39,335,189,356,254
206,antenna,0.53,259,146,283,229
206,antenna,0.53,194,130,228,197
206,antenna,0.41,335,190,355,255
207,antenna,0.52,259,146,283,229
207,antenna,0.51,194,128,228,197
207,antenna,0.40,334,190,356,255
208,antenna,0.51,258,145,283,229
208,antenna,0.51,194,127,229,197
208,antenna,0.41,333,191,356,256
209,antenna,0.54,194,126,229,197
209,antenna,0.52,258,145,283,229
209,antenna,0.43,333,191,354,256
210,antenna,0.53,193,124,230,196
210,antenna,0.51,258,145,283,229
210,antenna,0.42,333,191,354,256
211,antenna,0.53,194,127,230,196
211,antenna,0.51,257,145,283,229
211,antenna,0.41,332,191,354,256
212,antenna,0.56,194,128,230,196
212,antenna,0.52,257,145,283,229
212,antenna,0.42,332,191,353,255
213,antenna,0.56,194,127,230,196
213,antenna,0.53,257,145,284,229
213,antenna,0.42,332,191,353,255
214,antenna,0.54,194,127,229,196
214,antenna,0.53,257,144,284,228
214,antenna,0.43,332,190,353,255
215,antenna,0.55,257,144,284,228
215,antenna,0.55,194,126,229,197
215,antenna,0.45,332,191,352,256
216,antenna,0.54,194,125,230,198
216,antenna,0.53,256,143,284,228
216,antenna,0.42,332,191,352,256
217,antenna,0.55,194,123,230,197
217,antenna,0.52,256,142,284,228
217,antenna,0.41,331,191,352,255
218,antenna,0.55,194,123,230,197
218,antenna,0.54,256,142,284,227
218,antenna,0.42,331,191,352,255
219,antenna,0.54,194,122,232,194
219,antenna,0.52,255,141,285,227
219,antenna,0.40,330,190,352,255
220,antenna,0.54,194,121,231,197
220,antenna,0.52,255,140,285,227
220,antenna,0.39,329,190,352,256
221,antenna,0.57,195,121,232,194
221,antenna,0.54,255,140,285,227
221,antenna,0.41,329,189,351,256
222,antenna,0.56,195,121,232,194
222,antenna,0.53,254,138,286,227
222,antenna,0.34,328,189,352,257
223,antenna,0.57,194,121,232,194
223,antenna,0.53,254,137,286,227
223,antenna,0.35,273,85,306,154
223,antenna,0.32,328,189,351,256
224,antenna,0.57,195,120,231,194
224,antenna,0.55,253,137,285,226
224,antenna,0.37,328,189,349,255
224,antenna,0.33,274,85,305,153
225,antenna,0.56,194,120,231,194
225,antenna,0.54,253,136,285,226
225,antenna,0.37,274,85,307,155
225,antenna,0.35,328,188,349,255
226,antenna,0.60,194,119,231,193
226,antenna,0.57,253,136,285,225
226,antenna,0.40,328,188,349,255
226,antenna,0.33,275,84,306,154
227,antenna,0.60,194,118,231,193
227,antenna,0.55,253,136,283,225
227,antenna,0.38,327,188,348,255
227,antenna,0.32,274,84,305,155
228,antenna,0.60,194,118,231,192
228,antenna,0.55,252,135,283,224
228,antenna,0.40,327,189,347,255
228,antenna,0.34,274,83,305,155
229,antenna,0.60,195,119,231,191
229,antenna,0.57,252,135,282,223
229,antenna,0.42,326,189,347,255
230,antenna,0.57,195,117,231,191
230,antenna,0.56,252,134,282,222
230,antenna,0.39,326,189,347,257
231,antenna,0.56,195,117,231,189
231,antenna,0.56,252,134,282,222
231,antenna,0.41,326,189,347,256
232,antenna,0.58,252,134,282,222
232,antenna,0.58,197,117,233,185
232,antenna,0.48,326,188,347,256
233,antenna,0.57,252,134,281,221
233,antenna,0.57,197,115,233,186
233,antenna,0.50,326,189,346,256
234,antenna,0.61,197,115,233,185
234,antenna,0.57,252,133,281,221
234,antenna,0.52,325,189,346,256
234,antenna,0.35,275,82,304,150
235,antenna,0.64,197,116,232,185
235,antenna,0.58,252,133,280,221
235,antenna,0.54,325,189,345,256
235,antenna,0.31,276,83,303,149
236,antenna,0.62,197,114,233,186
236,antenna,0.56,252,133,280,221
236,antenna,0.53,325,189,345,257
236,antenna,0.33,276,83,304,150
237,antenna,0.62,197,113,234,185
237,antenna,0.55,252,132,280,221
237,antenna,0.53,324,189,345,257
237,antenna,0.30,276,83,304,150
238,antenna,0.62,197,115,234,185
238,antenna,0.56,252,132,280,220
238,antenna,0.53,324,189,344,256
239,antenna,0.60,197,111,235,186
239,antenna,0.56,252,131,280,220
239,antenna,0.51,324,189,344,257
240,antenna,0.60,197,112,236,186
240,antenna,0.56,252,132,280,220
240,antenna,0.51,323,189,344,257
240,antenna,0.32,277,82,305,151
241,antenna,0.60,198,115,235,185
241,antenna,0.58,252,132,281,220
241,antenna,0.53,323,189,343,256
241,antenna,0.32,278,83,305,148
242,antenna,0.59,198,115,236,185
242,antenna,0.57,252,132,281,220
242,antenna,0.51,322,188,343,257
242,antenna,0.33,277,83,306,152
243,antenna,0.61,198,110,236,185
243,antenna,0.57,251,132,281,220
243,antenna,0.50,321,189,343,257
244,antenna,0.63,198,111,236,184
244,antenna,0.57,251,132,281,220
244,antenna,0.52,321,189,343,257
245,antenna,0.62,198,109,236,184
245,antenna,0.56,251,133,281,220
245,antenna,0.50,320,189,343,257
246,antenna,0.63,198,109,236,184
246,antenna,0.56,251,133,281,220
246,antenna,0.49,320,189,342,258
247,antenna,0.64,199,111,235,183
247,antenna,0.57,251,133,280,220
247,antenna,0.50,320,189,341,258
248,antenna,0.63,199,111,236,183
248,antenna,0.57,251,133,281,221
248,antenna,0.46,320,188,342,260
249,antenna,0.63,200,111,236,183
249,antenna,0.57,251,133,280,220
249,antenna,0.50,319,188,341,259
250,antenna,0.63,200,111,235,182
250,antenna,0.58,251,133,280,221
250,antenna,0.52,319,189,340,259
251,antenna,0.63,200,111,236,183
251,antenna,0.57,251,133,280,221
251,antenna,0.50,319,189,339,260
252,antenna,0.62,201,111,235,182
252,antenna,0.57,251,134,280,221
252,antenna,0.50,319,189,339,260
253,antenna,0.63,201,111,235,182
253,antenna,0.57,251,134,280,221
253,antenna,0.54,319,190,339,259
254,antenna,0.63,201,111,235,182
254,antenna,0.57,251,134,280,221
254,antenna,0.53,318,190,339,260
254,antenna,0.30,281,84,309,152
255,antenna,0.63,201,110,235,182
255,antenna,0.57,251,133,280,220
255,antenna,0.54,318,190,338,261
256,antenna,0.63,201,110,234,181
256,antenna,0.58,251,133,279,220
256,antenna,0.56,317,191,337,260
257,antenna,0.62,201,110,235,181
257,antenna,0.56,251,132,279,221
257,antenna,0.53,317,191,337,261
258,antenna,0.63,201,110,235,181
258,antenna,0.55,251,132,279,221
258,antenna,0.52,316,191,337,261
259,antenna,0.63,202,110,235,180
259,antenna,0.56,251,132,279,221
259,antenna,0.54,317,191,337,261
260,antenna,0.62,202,110,235,180
260,antenna,0.55,250,131,279,221
260,antenna,0.54,316,191,337,261
261,antenna,0.62,201,109,235,179
261,antenna,0.54,250,131,277,222
261,antenna,0.53,316,190,336,261
262,antenna,0.63,201,109,235,179
262,antenna,0.57,250,131,278,222
262,antenna,0.54,316,190,336,261
263,antenna,0.61,201,108,235,179
263,antenna,0.56,249,131,278,222
263,antenna,0.52,315,190,336,261
264,antenna,0.61,201,107,236,178
264,antenna,0.56,249,131,277,222
264,antenna,0.52,314,190,335,262
265,antenna,0.62,202,106,236,177
265,antenna,0.56,250,131,277,221
265,antenna,0.52,313,190,333,261
266,antenna,0.62,202,105,236,177
266,antenna,0.55,249,130,277,221
266,antenna,0.51,313,190,332,261
267,antenna,0.62,202,104,237,177
267,antenna,0.54,249,130,277,221
267,antenna,0.49,312,189,332,262
267,antenna,0.32,283,82,311,152
268,antenna,0.63,202,104,237,176
268,antenna,0.55,248,130,277,221
268,antenna,0.48,312,189,332,263
268,antenna,0.30,281,82,311,152
269,antenna,0.62,202,104,237,176
269,antenna,0.53,248,129,277,220
269,antenna,0.48,311,189,331,263
269,antenna,0.31,283,82,313,153
270,antenna,0.62,202,104,237,176
270,antenna,0.53,247,128,277,220
270,antenna,0.49,311,189,331,263
271,antenna,0.63,202,104,236,176
271,antenna,0.54,247,128,276,219
271,antenna,0.51,310,189,331,261
271,antenna,0.30,282,80,311,153
272,antenna,0.63,202,104,236,175
272,antenna,0.53,247,127,276,220
272,antenna,0.49,310,189,330,262
272,antenna,0.39,283,80,313,155
273,antenna,0.64,202,103,236,175
273,antenna,0.54,246,127,276,220
273,antenna,0.49,310,190,329,260
273,antenna,0.40,283,79,313,155
274,antenna,0.65,202,103,235,174
274,antenna,0.56,246,127,276,219
274,antenna,0.53,309,190,328,258
274,antenna,0.45,283,79,313,154
274,antenna,0.32,341,184,357,251
275,antenna,0.64,202,103,235,174
275,antenna,0.55,246,127,276,220
275,antenna,0.53,308,189,329,259
275,antenna,0.42,283,78,313,155
275,antenna,0.32,340,184,356,252
276,antenna,0.64,202,102,236,173
276,antenna,0.55,245,126,276,219
276,antenna,0.52,307,189,328,260
276,antenna,0.40,283,79,313,155
276,antenna,0.33,340,184,356,252
277,antenna,0.65,202,102,236,173
277,antenna,0.56,245,126,276,218
277,antenna,0.53,307,188,327,260
277,antenna,0.42,283,78,313,154
277,antenna,0.39,340,184,355,252
278,antenna,0.62,202,101,236,174
278,antenna,0.54,245,126,276,218
278,antenna,0.51,306,188,328,261
278,antenna,0.39,283,78,314,156
278,antenna,0.31,339,184,355,253
279,antenna,0.61,202,100,236,174
279,antenna,0.54,244,125,276,218
279,antenna,0.51,306,187,327,261
279,antenna,0.41,283,77,314,156
280,antenna,0.61,203,100,236,174
280,antenna,0.55,245,125,276,217
280,antenna,0.51,305,187,327,261
280,antenna,0.40,283,77,315,156
280,antenna,0.34,338,184,354,253
281,antenna,0.61,203,99,236,175
281,antenna,0.53,245,124,275,218
281,antenna,0.49,305,188,325,262
281,antenna,0.42,283,77,315,156
281,antenna,0.36,338,183,355,253
282,antenna,0.62,203,98,236,174
282,antenna,0.54,244,124,275,218
282,antenna,0.50,304,188,324,263
282,antenna,0.45,284,78,315,155
282,antenna,0.42,337,182,355,252
283,antenna,0.62,203,98,236,174
283,antenna,0.54,245,124,274,218
283,antenna,0.53,304,189,324,262
283,antenna,0.46,285,78,315,153
283,antenna,0.46,337,182,354,251
284,antenna,0.62,203,97,236,174
284,antenna,0.53,304,189,323,263
284,antenna,0.53,245,124,274,217
284,antenna,0.47,285,78,315,153
284,antenna,0.43,337,183,353,252
285,antenna,0.62,203,96,236,174
285,antenna,0.54,304,189,323,264
285,antenna,0.53,245,123,274,217
285,antenna,0.45,286,78,315,152
285,antenna,0.41,337,183,352,253
286,antenna,0.62,204,95,236,174
286,antenna,0.56,304,189,322,264
286,antenna,0.53,245,124,274,216
286,antenna,0.44,286,78,316,151
286,antenna,0.43,337,183,352,253
287,antenna,0.60,203,94,236,174
287,antenna,0.55,303,189,322,264
287,antenna,0.53,244,123,274,216
287,antenna,0.46,288,77,315,150
287,antenna,0.41,337,183,352,254
288,antenna,0.61,203,95,237,173
288,antenna,0.54,302,190,321,264
288,antenna,0.53,244,123,274,216
288,antenna,0.46,288,76,316,151
288,antenna,0.41,336,183,352,254
289,antenna,0.61,204,95,236,172
289,antenna,0.54,244,124,273,215
289,antenna,0.53,302,191,320,262
289,antenna,0.52,289,76,315,150
289,antenna,0.44,335,182,352,254
290,antenna,0.59,204,93,237,171
290,antenna,0.54,301,191,320,262
290,antenna,0.52,289,76,315,151
290,antenna,0.52,244,124,273,215
290,antenna,0.42,335,182,351,254
291,antenna,0.60,204,92,237,171
291,antenna,0.52,301,190,319,264
291,antenna,0.52,289,76,315,151
291,antenna,0.52,244,123,273,215
291,antenna,0.44,334,182,350,255
291,antenna,0.30,358,106,379,199
292,antenna,0.60,205,93,236,171
292,antenna,0.52,289,75,315,151
292,antenna,0.51,300,190,319,263
292,antenna,0.51,244,124,272,215
292,antenna,0.45,334,183,350,255
292,antenna,0.32,358,108,379,200
293,antenna,0.59,205,92,236,171
293,antenna,0.51,300,189,319,263
293,antenna,0.50,244,124,272,215
293,antenna,0.50,290,75,315,151
293,antenna,0.44,332,182,349,255
293,antenna,0.31,359,108,379,200
294,antenna,0.59,205,92,237,170
294,antenna,0.51,299,189,318,264
294,antenna,0.49,244,124,273,215
294,antenna,0.49,290,75,316,151
294,antenna,0.45,332,182,348,256
294,antenna,0.31,359,109,379,200
295,antenna,0.59,205,93,236,169
295,antenna,0.53,290,75,316,151
295,antenna,0.52,299,190,317,264
295,antenna,0.50,244,124,272,215
295,antenna,0.48,331,183,348,256
295,antenna,0.32,359,111,379,201
295,antenna,0.31,376,80,398,152
296,antenna,0.57,206,89,237,169
296,antenna,0.51,298,189,316,265
296,antenna,0.50,244,124,272,216
296,antenna,0.49,290,75,316,151
296,antenna,0.44,331,182,348,257
296,antenna,0.33,359,111,379,201
297,antenna,0.57,205,92,237,170
297,antenna,0.52,297,189,316,264
297,antenna,0.49,243,124,272,216
297,antenna,0.47,291,75,317,151
297,antenna,0.43,330,181,348,258
297,antenna,0.32,358,111,379,201
297,antenna,0.30,377,78,401,154
298,antenna,0.58,206,91,237,169
298,antenna,0.54,297,189,316,265
298,antenna,0.48,244,124,271,216
298,antenna,0.44,329,181,348,258
298,antenna,0.42,291,76,317,150
298,antenna,0.33,358,111,379,202
298,antenna,0.32,377,78,401,154
299,antenna,0.59,206,90,239,170
299,antenna,0.55,296,188,316,265
299,antenna,0.47,243,123,272,217
299,antenna,0.42,329,178,347,259
299,antenna,0.37,291,76,317,151
299,antenna,0.33,377,78,401,154
299,antenna,0.32,358,111,379,202
300,antenna,0.59,206,90,239,169
300,antenna,0.54,296,189,316,265
300,antenna,0.47,243,122,272,216
300,antenna,0.44,329,178,347,258
300,antenna,0.37,377,78,401,153
300,antenna,0.35,292,76,317,150
300,antenna,0.31,358,112,379,202
301,antenna,0.60,206,91,239,167
301,antenna,0.56,296,189,315,265
301,antenna,0.48,243,123,272,216
301,antenna,0.47,329,179,346,258
301,antenna,0.41,377,79,401,153
301,antenna,0.36,292,76,317,150
301,antenna,0.34,357,113,378,202
302,antenna,0.58,206,91,239,167
302,antenna,0.56,295,188,315,266
302,antenna,0.49,242,121,273,216
302,antenna,0.45,328,179,346,259
302,antenna,0.40,376,78,401,154
302,antenna,0.35,292,76,317,150
302,antenna,0.33,357,113,378,202
303,antenna,0.58,206,91,240,166
303,antenna,0.57,294,188,314,266
303,antenna,0.48,242,120,273,216
303,antenna,0.42,328,181,345,259
303,antenna,0.41,376,78,401,155
303,antenna,0.38,292,76,317,151
303,antenna,0.33,357,113,378,202
304,antenna,0.60,206,91,239,166
304,antenna,0.56,294,188,313,265
304,antenna,0.49,242,120,273,215
304,antenna,0.41,376,79,401,155
304,antenna,0.41,327,182,345,260
304,antenna,0.39,292,76,317,151
304,antenna,0.34,357,114,378,202
305,antenna,0.59,206,90,240,166
305,antenna,0.56,293,188,312,265
305,antenna,0.48,241,119,273,216
305,antenna,0.42,377,79,402,156
305,antenna,0.42,326,182,345,261
305,antenna,0.41,292,76,317,152
305,antenna,0.34,357,113,378,203
306,antenna,0.59,207,89,240,166
306,antenna,0.55,292,187,312,265
306,antenna,0.48,239,118,270,217
306,antenna,0.46,292,76,317,152
306,antenna,0.44,325,182,343,260
306,antenna,0.44,377,79,402,156
306,antenna,0.34,357,113,378,203
307,antenna,0.60,207,89,240,165
307,antenna,0.54,292,188,311,264
307,antenna,0.49,292,76,317,152
307,antenna,0.48,240,118,270,216
307,antenna,0.48,325,182,343,259
307,antenna,0.44,377,80,401,155
307,antenna,0.35,356,113,378,203
308,antenna,0.57,207,87,241,165
308,antenna,0.54,291,186,311,263
308,antenna,0.52,292,76,317,151
308,antenna,0.49,324,182,342,259
308,antenna,0.47,240,117,269,217
308,antenna,0.44,378,80,401,155
308,antenna,0.35,356,113,378,203
309,antenna,0.56,207,86,242,166
309,antenna,0.55,290,185,310,263
309,antenna,0.52,293,75,317,151
309,antenna,0.51,323,182,341,259
309,antenna,0.48,239,117,269,216
309,antenna,0.45,378,80,401,155
309,antenna,0.34,356,113,378,204
310,antenna,0.56,208,88,241,165
310,antenna,0.56,290,185,309,263
310,antenna,0.54,293,75,317,150
310,antenna,0.52,323,183,341,259
310,antenna,0.50,240,117,269,216
310,antenna,0.48,379,80,402,154
310,antenna,0.35,356,114,377,205
311,antenna,0.56,289,185,309,264
311,antenna,0.55,208,88,241,165
311,antenna,0.54,293,75,317,149
311,antenna,0.51,322,182,340,260
311,antenna,0.49,240,116,269,216
311,antenna,0.49,378,80,402,154
311,antenna,0.35,356,115,377,205
312,antenna,0.56,288,186,308,265
312,antenna,0.53,208,88,242,165
312,antenna,0.51,293,74,317,149
312,antenna,0.51,322,181,340,261
312,antenna,0.49,239,116,269,216
312,antenna,0.48,378,80,403,155
312,antenna,0.34,356,115,377,206
313,antenna,0.56,288,186,308,265
313,antenna,0.54,208,88,242,164
313,antenna,0.53,293,74,317,149
313,antenna,0.51,322,181,340,261
313,antenna,0.49,239,116,268,216
313,antenna,0.49,379,81,403,155
313,antenna,0.35,356,116,377,206
314,antenna,0.55,288,186,308,266
314,antenna,0.52,293,74,319,149
314,antenna,0.50,208,87,242,165
314,antenna,0.49,321,179,340,262
314,antenna,0.49,238,115,268,216
314,antenna,0.47,378,82,403,156
314,antenna,0.35,356,115,377,207
315,antenna,0.54,288,186,307,266
315,antenna,0.53,293,74,320,150
315,antenna,0.51,208,87,242,165
315,antenna,0.49,238,115,268,216
315,antenna,0.48,321,178,340,263
315,antenna,0.48,378,82,403,157
315,antenna,0.35,355,115,377,207
316,antenna,0.55,287,186,307,266
316,antenna,0.52,208,88,241,164
316,antenna,0.52,293,74,321,150
316,antenna,0.50,238,117,268,216
316,antenna,0.47,378,82,403,157
316,antenna,0.47,321,179,339,263
316,antenna,0.35,355,115,377,208
317,antenna,0.58,287,185,307,266
317,antenna,0.53,208,88,242,163
317,antenna,0.51,293,74,321,149
317,antenna,0.50,238,117,268,216
317,antenna,0.43,320,179,339,263
317,antenna,0.42,378,82,404,157
317,antenna,0.35,356,114,377,206
318,antenna,0.57,286,185,306,267
318,antenna,0.54,209,87,244,163
318,antenna,0.51,237,116,268,216
318,antenna,0.45,294,74,322,147
318,antenna,0.41,379,83,405,156
318,antenna,0.40,320,180,339,263
318,antenna,0.35,355,114,377,206
319,antenna,0.59,285,185,306,266
319,antenna,0.55,209,88,244,162
319,antenna,0.52,238,116,268,216
319,antenna,0.44,320,183,338,262
319,antenna,0.44,380,84,405,155
319,antenna,0.42,295,74,322,146
319,antenna,0.37,355,115,377,206
320,antenna,0.56,285,185,305,267
320,antenna,0.54,209,87,244,161
320,antenna,0.52,237,115,268,217
320,antenna,0.41,318,183,338,264
320,antenna,0.41,380,84,405,156
320,antenna,0.39,295,74,322,146
320,antenna,0.36,355,116,377,206
321,antenna,0.55,209,87,244,162
321,antenna,0.54,284,184,305,267
321,antenna,0.54,237,115,268,216
321,antenna,0.43,318,183,336,262
321,antenna,0.40,380,84,405,157
321,antenna,0.38,295,74,322,146
321,antenna,0.37,354,115,378,206
322,antenna,0.55,209,87,244,161
322,antenna,0.55,237,115,268,216
322,antenna,0.51,283,184,304,265
322,antenna,0.46,317,184,335,262
322,antenna,0.41,381,84,405,157
322,antenna,0.39,353,117,377,206
322,antenna,0.38,295,74,322,145
323,antenna,0.55,210,86,245,161
323,antenna,0.54,237,115,268,216
323,antenna,0.47,282,183,304,267
323,antenna,0.46,316,184,335,262
323,antenna,0.39,353,117,377,206
323,antenna,0.38,381,85,406,158
323,antenna,0.35,295,74,322,146
324,antenna,0.56,210,86,245,161
324,antenna,0.53,236,115,267,215
324,antenna,0.46,315,183,334,262
324,antenna,0.45,281,182,303,267
324,antenna,0.40,353,118,377,206
324,antenna,0.39,381,85,406,158
324,antenna,0.36,295,74,322,147
325,antenna,0.57,211,86,244,160
325,antenna,0.52,237,115,267,215
325,antenna,0.49,315,184,333,261
325,antenna,0.47,280,183,302,265
325,antenna,0.41,353,119,376,206
325,antenna,0.40,382,86,406,157
325,antenna,0.37,296,74,323,149
326,antenna,0.56,210,86,246,159
326,antenna,0.50,236,114,267,215
326,antenna,0.48,314,183,333,262
326,antenna,0.48,280,182,301,265
326,antenna,0.41,353,119,376,207
326,antenna,0.39,381,86,407,158
326,antenna,0.38,296,75,324,149
327,antenna,0.56,210,85,246,158
327,antenna,0.49,236,114,267,215
327,antenna,0.49,280,183,301,265
327,antenna,0.48,314,184,333,262
327,antenna,0.41,352,118,376,207
327,antenna,0.38,381,87,407,158
327,antenna,0.37,296,74,324,149
327,antenna,0.33,210,87,237,162
328,antenna,0.58,210,85,246,158
328,antenna,0.50,279,183,301,265
328,antenna,0.50,236,114,267,214
328,antenna,0.48,313,185,332,261
328,antenna,0.42,352,118,376,207
328,antenna,0.40,380,87,407,158
328,antenna,0.38,296,74,324,150
329,antenna,0.58,211,85,246,158
329,antenna,0.49,279,183,301,265
329,antenna,0.48,236,112,268,215
329,antenna,0.47,313,184,332,261
329,antenna,0.42,352,118,376,208
329,antenna,0.39,296,74,324,150
329,antenna,0.38,381,87,408,160
329,antenna,0.30,210,86,237,161
330,antenna,0.59,211,85,246,157
330,antenna,0.49,279,183,300,266
330,antenna,0.47,236,112,267,216
330,antenna,0.45,313,185,331,262
330,antenna,0.42,352,118,376,208
330,antenna,0.40,296,74,324,150
330,antenna,0.39,380,87,408,160
331,antenna,0.59,211,84,246,157
331,antenna,0.50,279,182,300,267
331,antenna,0.48,236,110,267,215
331,antenna,0.45,313,184,331,263
331,antenna,0.43,351,118,376,208
331,antenna,0.41,384,86,409,159
331,antenna,0.41,296,74,324,151
332,antenna,0.58,211,83,245,157
332,antenna,0.55,278,182,299,267
332,antenna,0.47,236,110,266,214
332,antenna,0.45,312,185,330,263
332,antenna,0.45,350,119,375,210
332,antenna,0.43,384,87,409,159
332,antenna,0.41,296,74,323,151
333,antenna,0.55,212,82,246,157
333,antenna,0.54,277,182,299,268
333,antenna,0.45,350,118,376,210
333,antenna,0.45,235,107,266,215
333,antenna,0.43,312,185,330,264
333,antenna,0.43,384,87,410,159
333,antenna,0.41,297,74,324,152
334,antenna,0.56,277,183,299,267
334,antenna,0.53,212,83,245,156
334,antenna,0.45,350,118,375,210
334,antenna,0.45,311,186,330,264
334,antenna,0.45,297,74,325,153
334,antenna,0.44,384,87,410,159
334,antenna,0.44,235,105,265,214
335,antenna,0.56,276,183,299,268
335,antenna,0.52,212,83,245,156
335,antenna,0.45,350,119,375,210
335,antenna,0.45,310,185,329,263
335,antenna,0.45,384,87,410,159
335,antenna,0.44,297,74,325,154
335,antenna,0.43,235,105,266,214
336,antenna,0.53,274,180,299,270
336,antenna,0.49,212,83,245,157
336,antenna,0.46,384,87,410,160
336,antenna,0.46,298,74,325,153
336,antenna,0.45,350,119,375,210
336,antenna,0.45,309,185,328,262
336,antenna,0.41,234,104,266,215
337,antenna,0.53,273,180,298,269
337,antenna,0.48,308,186,327,262
337,antenna,0.48,212,83,245,156
337,antenna,0.48,298,74,325,151
337,antenna,0.46,350,119,374,210
337,antenna,0.45,384,88,410,161
337,antenna,0.39,235,103,265,214
338,antenna,0.53,273,182,296,268
338,antenna,0.51,299,74,324,151
338,antenna,0.50,307,186,326,263
338,antenna,0.48,212,82,244,156
338,antenna,0.47,383,88,409,161
338,antenna,0.46,350,119,374,210
338,antenna,0.41,235,103,265,213
339,antenna,0.50,272,181,294,265
339,antenna,0.49,306,186,325,263
339,antenna,0.48,298,74,324,150
339,antenna,0.46,383,88,410,161
339,antenna,0.45,350,119,374,210
339,antenna,0.43,212,81,244,157
339,antenna,0.37,235,102,264,210
340,antenna,0.53,271,181,294,263
340,antenna,0.51,299,74,324,149
340,antenna,0.49,306,186,325,261
340,antenna,0.47,383,88,409,161
340,antenna,0.46,350,119,373,210
340,antenna,0.38,212,81,244,157
340,antenna,0.36,235,96,263,210
341,antenna,0.54,271,181,294,262
341,antenna,0.51,299,74,324,148
341,antenna,0.50,306,185,324,260
341,antenna,0.49,383,88,409,161
341,antenna,0.46,350,119,373,211
341,antenna,0.36,213,81,244,156
341,antenna,0.35,235,95,262,210
342,antenna,0.53,271,180,293,262
342,antenna,0.51,299,74,324,149
342,antenna,0.48,306,185,324,261
342,antenna,0.48,380,88,409,160
342,antenna,0.46,350,119,373,211
342,antenna,0.33,232,88,259,212
342,antenna,0.30,213,80,244,156
343,antenna,0.52,299,74,324,149
343,antenna,0.52,271,179,293,263
343,antenna,0.50,383,89,410,161
343,antenna,0.48,349,118,373,211
343,antenna,0.47,305,185,323,261
343,antenna,0.33,231,85,259,212
344,antenna,0.54,299,74,324,148
344,antenna,0.53,271,179,292,263
344,antenna,0.52,383,89,410,161
344,antenna,0.50,349,118,372,211
344,antenna,0.49,305,186,323,260
344,antenna,0.35,232,85,259,211
345,antenna,0.55,270,180,292,265
345,antenna,0.54,299,73,324,147
345,antenna,0.51,383,88,410,161
345,antenna,0.51,349,118,372,211
345,antenna,0.49,305,186,323,262
345,antenna,0.34,232,84,258,206
346,antenna,0.58,270,181,292,265
346,antenna,0.56,300,73,324,147
346,antenna,0.53,383,88,410,161
346,antenna,0.51,349,118,372,212
346,antenna,0.50,304,186,322,261
346,antenna,0.35,232,85,259,210
347,antenna,0.59,269,181,291,265
347,antenna,0.55,300,73,324,149
347,antenna,0.53,381,88,410,161
347,antenna,0.50,348,117,373,212
347,antenna,0.48,303,185,322,261
347,antenna,0.35,232,86,258,205
348,antenna,0.59,268,181,290,264
348,antenna,0.56,300,72,324,149
348,antenna,0.52,383,88,410,162
348,antenna,0.51,348,117,372,212
348,antenna,0.49,302,186,321,259
348,antenna,0.35,232,83,258,205
349,antenna,0.59,267,182,290,263
349,antenna,0.57,300,72,324,149
349,antenna,0.54,381,88,410,162
349,antenna,0.51,348,117,372,211
349,antenna,0.51,301,186,321,258
349,antenna,0.36,232,87,259,208
350,antenna,0.55,300,72,324,149
350,antenna,0.53,381,88,410,162
350,antenna,0.51,348,117,372,211
350,antenna,0.51,266,182,289,263
350,antenna,0.50,299,185,320,259
350,antenna,0.34,232,88,258,205
351,antenna,0.55,300,72,324,149
351,antenna,0.54,384,87,411,161
351,antenna,0.51,299,184,320,259
351,antenna,0.51,348,117,372,211
351,antenna,0.46,264,181,288,266
351,antenna,0.36,232,86,258,204
352,antenna,0.55,384,87,411,161
352,antenna,0.54,301,72,324,148
352,antenna,0.53,298,185,319,259
352,antenna,0.50,348,117,371,210
352,antenna,0.45,264,181,288,266
352,antenna,0.36,231,86,259,208
353,antenna,0.54,384,87,411,161
353,antenna,0.53,301,72,324,148
353,antenna,0.53,298,184,317,259
353,antenna,0.50,347,117,371,211
353,antenna,0.45,263,181,286,264
353,antenna,0.35,232,85,258,204
354,antenna,0.54,384,87,411,162
354,antenna,0.52,300,71,324,149
354,antenna,0.51,298,184,317,259
354,antenna,0.50,347,117,371,211
354,antenna,0.47,263,182,286,262
354,antenna,0.35,232,95,261,203
355,antenna,0.54,382,89,410,162
355,antenna,0.52,300,72,324,149
355,antenna,0.51,347,118,371,211
355,antenna,0.51,297,184,316,259
355,antenna,0.50,263,182,286,261
355,antenna,0.36,231,92,261,203
356,antenna,0.54,382,89,411,163
356,antenna,0.53,300,72,325,150
356,antenna,0.50,345,118,371,211
356,antenna,0.50,263,181,285,261
356,antenna,0.50,297,185,316,260
356,antenna,0.35,231,89,261,203
357,antenna,0.54,381,88,411,163
357,antenna,0.51,262,180,285,261
357,antenna,0.51,300,71,325,151
357,antenna,0.50,345,118,371,211
357,antenna,0.48,297,184,315,260
357,antenna,0.37,230,91,261,203
358,antenna,0.54,381,88,411,163
358,antenna,0.52,262,180,285,262
358,antenna,0.51,345,118,371,211
358,antenna,0.50,300,72,325,150
358,antenna,0.49,297,185,315,260
358,antenna,0.39,229,89,262,204
359,antenna,0.54,381,88,411,163
359,antenna,0.53,262,180,284,262
359,antenna,0.52,344,118,371,212
359,antenna,0.50,296,185,315,260
359,antenna,0.48,300,72,326,151
359,antenna,0.37,229,90,263,204
360,antenna,0.56,261,180,284,262
360,antenna,0.54,381,88,411,163
360,antenna,0.52,344,118,371,212
360,antenna,0.51,295,185,314,260
360,antenna,0.46,300,72,326,152
360,antenna,0.34,227,86,262,209
361,antenna,0.58,261,180,284,263
361,antenna,0.54,381,88,411,163
361,antenna,0.53,294,185,313,260
361,antenna,0.52,343,118,370,212
361,antenna,0.47,300,72,327,152
361,antenna,0.34,227,87,262,208
362,antenna,0.57,260,180,284,262
362,antenna,0.53,381,88,411,163
362,antenna,0.52,343,117,370,212
362,antenna,0.52,293,185,313,260
362,antenna,0.43,301,71,328,152
362,antenna,0.31,229,87,259,206
363,antenna,0.54,259,179,284,261
363,antenna,0.53,380,88,411,163
363,antenna,0.52,293,184,313,259
363,antenna,0.52,343,117,370,212
363,antenna,0.43,301,71,329,151
364,antenna,0.56,260,179,283,260
364,antenna,0.55,381,89,411,163
364,antenna,0.52,343,117,370,212
364,antenna,0.52,292,185,312,259
364,antenna,0.44,302,71,329,150
365,antenna,0.54,381,89,411,164
365,antenna,0.53,342,117,370,212
365,antenna,0.51,291,184,312,259
365,antenna,0.43,302,71,330,151
365,antenna,0.42,259,179,282,260
366,antenna,0.54,381,89,411,164
366,antenna,0.53,342,116,370,212
366,antenna,0.51,290,183,311,260
366,antenna,0.43,302,71,330,151
366,antenna,0.36,258,181,283,260
366,antenna,0.30,228,89,259,205
367,antenna,0.55,381,89,411,163
367,antenna,0.53,342,116,370,212
367,antenna,0.52,289,183,311,259
367,antenna,0.42,302,71,330,151
367,antenna,0.39,255,183,281,260
367,antenna,0.31,227,87,259,206
368,antenna,0.54,381,89,411,164
368,antenna,0.53,341,116,370,211
368,antenna,0.51,289,183,310,259
368,antenna,0.39,302,70,330,151
368,antenna,0.34,255,182,280,260
369,antenna,0.55,381,88,412,164
369,antenna,0.52,341,117,369,211
369,antenna,0.51,289,183,309,259
369,antenna,0.36,302,70,331,151
369,antenna,0.30,255,183,279,256
370,antenna,0.56,382,89,412,164
370,antenna,0.52,288,183,309,258
370,antenna,0.52,341,117,369,211
370,antenna,0.32,255,184,278,254
370,antenna,0.31,302,71,331,150
371,antenna,0.55,381,88,412,165
371,antenna,0.51,341,117,369,211
371,antenna,0.51,288,183,308,258
372,antenna,0.54,381,87,413,165
372,antenna,0.51,341,118,369,210
372,antenna,0.51,288,182,308,258
373,antenna,0.55,381,88,412,165
373,antenna,0.54,287,182,308,258
373,antenna,0.51,341,119,368,210
373,antenna,0.32,255,184,277,254
374,antenna,0.55,287,182,308,259
374,antenna,0.53,380,88,412,166
374,antenna,0.50,341,118,368,210
374,antenna,0.34,254,183,277,255
375,antenna,0.56,286,182,307,258
375,antenna,0.54,380,87,412,166
375,antenna,0.49,342,118,367,210
375,antenna,0.41,254,183,276,255
376,antenna,0.60,285,182,306,257
376,antenna,0.55,381,89,412,165
376,antenna,0.49,341,118,366,210
376,antenna,0.41,253,183,277,254
377,antenna,0.60,285,182,306,258
377,antenna,0.54,380,89,412,166
377,antenna,0.50,341,118,366,210
377,antenna,0.31,304,72,331,151
378,antenna,0.60,284,182,306,257
378,antenna,0.54,380,90,412,166
378,antenna,0.51,341,118,367,210
378,antenna,0.34,304,72,332,155
379,antenna,0.59,283,182,305,257
379,antenna,0.54,380,92,413,166
379,antenna,0.51,341,118,367,211
379,antenna,0.37,304,72,332,154
380,antenna,0.56,283,182,305,257
380,antenna,0.54,380,92,413,166
380,antenna,0.51,340,118,366,211
380,antenna,0.38,305,72,332,153
381,antenna,0.54,282,182,305,257
381,antenna,0.54,382,94,414,165
381,antenna,0.50,340,118,366,212
381,antenna,0.36,306,72,332,152
382,antenna,0.56,383,94,414,165
382,antenna,0.56,281,182,304,257
382,antenna,0.49,340,119,366,212
382,antenna,0.35,307,72,332,150
383,antenna,0.55,383,94,414,165
383,antenna,0.54,281,182,304,257
383,antenna,0.47,341,120,366,214
383,antenna,0.36,306,72,332,151
384,antenna,0.56,384,94,415,166
384,antenna,0.55,281,183,303,257
384,antenna,0.47,341,120,366,214
384,antenna,0.40,306,73,332,150
385,antenna,0.56,280,183,302,257
385,antenna,0.56,384,94,415,165
385,antenna,0.46,306,73,332,149
385,antenna,0.46,341,122,365,215
386,antenna,0.54,280,183,302,258
386,antenna,0.53,384,93,416,167
386,antenna,0.51,306,72,333,149
386,antenna,0.46,341,122,365,213
387,antenna,0.53,383,93,416,167
387,antenna,0.53,280,182,301,258
387,antenna,0.52,307,71,333,148
387,antenna,0.45,341,122,365,213
388,antenna,0.55,280,182,301,257
388,antenna,0.53,384,94,415,168
388,antenna,0.50,307,71,333,148
388,antenna,0.46,341,123,365,214
389,antenna,0.55,279,182,300,258
389,antenna,0.51,384,95,415,168
389,antenna,0.50,307,72,333,149
389,antenna,0.45,341,122,365,214
390,antenna,0.58,278,182,300,258
390,antenna,0.53,306,72,334,150
390,antenna,0.50,384,97,415,169
390,antenna,0.45,341,121,365,214
391,antenna,0.59,278,182,300,257
391,antenna,0.55,307,73,334,149
391,antenna,0.50,385,97,415,170
391,antenna,0.45,341,122,365,215
392,antenna,0.62,277,183,300,258
392,antenna,0.54,306,73,335,150
392,antenna,0.46,384,97,416,171
392,antenna,0.44,341,122,365,215
393,antenna,0.64,276,182,300,258
393,antenna,0.55,307,73,336,150
393,antenna,0.45,341,123,364,215
393,antenna,0.44,384,100,417,170
394,antenna,0.66,275,182,299,258
394,antenna,0.55,308,73,337,147
394,antenna,0.48,385,100,417,171
394,antenna,0.46,340,124,364,215
395,antenna,0.65,275,182,299,258
395,antenna,0.53,308,73,338,148
395,antenna,0.50,385,100,416,172
395,antenna,0.45,340,124,364,215
396,antenna,0.64,274,183,299,259
396,antenna,0.51,385,101,416,172
396,antenna,0.47,308,73,338,150
396,antenna,0.45,340,124,364,215
397,antenna,0.65,274,184,298,259
397,antenna,0.52,384,101,416,172
397,antenna,0.45,308,73,337,150
397,antenna,0.44,340,124,364,216
398,antenna,0.62,273,184,298,260
398,antenna,0.52,383,101,417,173
398,antenna,0.44,340,124,364,216
398,antenna,0.43,308,74,338,151
399,antenna,0.60,272,184,298,260
399,antenna,0.52,383,100,417,174
399,antenna,0.43,340,125,363,216
399,antenna,0.41,309,74,339,151
400,antenna,0.58,272,184,297,260
400,antenna,0.50,383,101,417,174
400,antenna,0.43,309,74,339,151
400,antenna,0.43,339,128,362,217
401,antenna,0.56,272,184,296,260
401,antenna,0.48,384,101,418,173
401,antenna,0.42,340,127,363,217
401,antenna,0.41,309,74,340,152
402,antenna,0.56,272,183,296,259
402,antenna,0.48,384,101,418,173
402,antenna,0.43,337,128,363,218
402,antenna,0.36,310,74,340,152
403,antenna,0.57,272,184,295,258
403,antenna,0.50,385,101,418,173
403,antenna,0.44,338,128,363,218
403,antenna,0.32,311,74,339,152
404,antenna,0.54,272,184,294,259
404,antenna,0.49,385,102,418,174
404,antenna,0.44,337,128,363,219
404,antenna,0.30,312,74,339,152
405,antenna,0.53,271,185,294,259
405,antenna,0.48,385,101,418,175
405,antenna,0.46,337,128,362,220
405,antenna,0.34,311,75,339,151
406,antenna,0.54,271,186,293,258
406,antenna,0.48,386,101,418,176
406,antenna,0.47,338,129,362,220
406,antenna,0.42,311,76,340,151
406,antenna,0.34,241,180,268,255
407,antenna,0.52,271,185,293,259
407,antenna,0.47,386,102,418,176
407,antenna,0.47,338,129,363,220
407,antenna,0.44,310,76,340,152
408,antenna,0.52,271,186,293,258
408,antenna,0.48,385,102,418,177
408,antenna,0.46,338,129,362,220
408,antenna,0.46,311,76,340,152
409,antenna,0.52,271,187,293,258
409,antenna,0.49,386,103,418,177
409,antenna,0.47,338,130,362,220
409,antenna,0.45,313,77,340,149
410,antenna,0.53,269,187,293,258
410,antenna,0.49,389,106,419,177
410,antenna,0.46,338,130,362,220
410,antenna,0.42,312,77,341,152
411,antenna,0.55,268,187,293,259
411,antenna,0.51,389,108,419,179
411,antenna,0.46,338,131,361,221
411,antenna,0.42,312,79,342,150
412,antenna,0.57,268,188,292,258
412,antenna,0.52,389,109,419,179
412,antenna,0.50,315,79,342,149
412,antenna,0.46,338,132,361,221
412,antenna,0.32,239,180,263,256
413,antenna,0.55,267,187,292,259
413,antenna,0.51,389,109,419,180
413,antenna,0.51,315,78,342,150
413,antenna,0.45,338,132,361,221
414,antenna,0.56,313,79,342,148
414,antenna,0.55,267,188,291,259
414,antenna,0.51,390,109,419,181
414,antenna,0.45,338,133,361,221
414,antenna,0.36,238,180,263,256
415,antenna,0.57,314,79,342,147
415,antenna,0.56,266,188,291,258
415,antenna,0.52,390,109,419,182
415,antenna,0.46,338,134,360,222
415,antenna,0.41,238,180,262,255
416,antenna,0.54,314,79,342,148
416,antenna,0.53,265,189,290,259
416,antenna,0.51,389,109,420,182
416,antenna,0.45,337,134,360,222
416,antenna,0.34,238,180,262,255
417,antenna,0.52,315,80,342,147
417,antenna,0.51,389,109,420,183
417,antenna,0.50,265,189,290,259
417,antenna,0.46,337,134,360,222
417,antenna,0.37,237,181,262,254
418,antenna,0.53,314,80,343,147
418,antenna,0.52,389,110,420,183
418,antenna,0.51,265,189,290,259
418,antenna,0.48,336,135,360,222
418,antenna,0.46,237,181,261,254
419,antenna,0.56,314,81,343,148
419,antenna,0.51,389,110,420,183
419,antenna,0.48,265,189,289,260
419,antenna,0.48,336,136,360,222
419,antenna,0.37,237,181,261,254
420,antenna,0.55,314,81,343,148
420,antenna,0.48,387,107,419,183
420,antenna,0.48,337,136,359,223
420,antenna,0.45,264,190,289,261
420,antenna,0.41,237,180,261,255
421,antenna,0.55,314,82,344,147
421,antenna,0.51,237,180,261,254
421,antenna,0.50,388,111,419,183
421,antenna,0.49,336,137,359,224
421,antenna,0.47,264,190,288,261
422,antenna,0.52,314,82,345,149
422,antenna,0.49,387,111,419,185
422,antenna,0.49,336,138,359,223
422,antenna,0.43,236,180,261,254
422,antenna,0.43,264,190,288,261
423,antenna,0.52,315,83,345,149
423,antenna,0.51,388,113,419,185
423,antenna,0.50,334,139,360,224
423,antenna,0.43,263,190,288,261
423,antenna,0.41,236,180,261,254
424,antenna,0.53,315,83,345,149
424,antenna,0.53,388,113,419,185
424,antenna,0.51,334,140,359,225
424,antenna,0.50,236,180,261,254
424,antenna,0.45,263,191,288,260
425,antenna,0.53,387,114,420,186
425,antenna,0.51,333,139,359,225
425,antenna,0.51,315,84,345,150
425,antenna,0.47,260,189,288,262
425,antenna,0.41,236,180,261,253
426,antenna,0.54,387,114,420,186
426,antenna,0.52,259,189,288,261
426,antenna,0.51,333,139,359,226
426,antenna,0.45,316,84,345,152
426,antenna,0.40,236,180,260,254
427,antenna,0.54,388,114,420,187
427,antenna,0.53,260,190,287,261
427,antenna,0.52,333,140,358,226
427,antenna,0.47,316,85,345,152
427,antenna,0.43,235,180,260,254
428,antenna,0.53,387,114,420,188
428,antenna,0.52,259,190,287,261
428,antenna,0.51,333,140,358,226
428,antenna,0.44,315,85,346,154
428,antenna,0.36,235,180,260,254
429,antenna,0.52,387,114,420,189
429,antenna,0.50,333,140,358,226
429,antenna,0.50,259,190,287,260
429,antenna,0.35,315,85,346,154
429,antenna,0.31,235,180,260,254
430,antenna,0.53,388,114,420,189
430,antenna,0.51,333,141,358,226
430,antenna,0.51,260,191,286,260
430,antenna,0.35,315,85,346,154
430,antenna,0.34,232,180,257,253
431,antenna,0.52,388,114,420,190
431,antenna,0.50,333,141,358,226
431,antenna,0.49,260,191,284,260
431,antenna,0.36,314,83,347,153
431,antenna,0.31,231,180,257,253
432,antenna,0.50,333,142,358,227
432,antenna,0.49,388,114,420,191
432,antenna,0.49,258,191,284,260
432,antenna,0.31,314,84,346,155
433,antenna,0.51,333,142,357,227
433,antenna,0.50,258,191,284,259
433,antenna,0.49,391,117,421,191
433,antenna,0.33,314,84,346,154
433,antenna,0.31,236,107,260,187
434,antenna,0.51,333,142,357,227
434,antenna,0.50,391,117,422,190
434,antenna,0.45,257,191,284,259
435,antenna,0.51,333,142,357,227
435,antenna,0.47,392,118,422,190
435,antenna,0.41,257,191,284,259
436,antenna,0.53,332,142,357,227
436,antenna,0.48,392,118,422,190
436,antenna,0.43,256,191,284,258
436,antenna,0.33,236,104,259,187
436,antenna,0.32,316,84,347,152
437,antenna,0.53,332,142,357,226
437,antenna,0.47,391,118,422,190
437,antenna,0.37,256,191,284,258
437,antenna,0.30,315,84,347,152
438,antenna,0.52,332,141,356,226
438,antenna,0.48,391,117,422,191
438,antenna,0.35,255,191,284,258
439,antenna,0.52,332,141,356,226
439,antenna,0.50,388,113,420,192
439,antenna,0.39,255,191,283,257
439,antenna,0.31,236,101,259,186
440,antenna,0.51,332,142,356,228
440,antenna,0.49,388,111,420,192
441,antenna,0.51,332,142,356,228
441,antenna,0.50,388,111,420,192
442,antenna,0.51,389,112,420,192
442,antenna,0.50,332,141,356,227
442,antenna,0.33,229,175,255,254
442,antenna,0.32,255,190,282,256
442,antenna,0.31,236,101,260,187
443,antenna,0.49,389,112,420,193
443,antenna,0.49,332,143,355,228
444,antenna,0.49,390,113,421,193
444,antenna,0.48,332,143,355,228
445,antenna,0.51,392,116,422,193
445,antenna,0.48,332,142,355,228
445,antenna,0.31,324,85,350,145
446,antenna,0.51,392,115,422,193
446,antenna,0.47,332,142,354,228
446,antenna,0.31,324,85,351,146
447,antenna,0.51,393,115,422,194
447,antenna,0.47,332,143,354,229
447,antenna,0.32,324,85,351,146
448,antenna,0.52,393,116,422,194
448,antenna,0.48,332,143,354,228
448,antenna,0.39,324,85,351,145
448,antenna,0.32,247,180,280,255
449,antenna,0.50,393,115,422,194
449,antenna,0.48,332,143,354,228
449,antenna,0.34,324,85,352,145
450,antenna,0.50,394,115,422,195
450,antenna,0.48,331,142,354,228
451,antenna,0.52,394,117,422,196
451,antenna,0.48,331,142,354,228
451,antenna,0.33,246,181,280,254
452,antenna,0.52,394,116,423,197
452,antenna,0.47,331,142,354,228
453,antenna,0.52,394,117,423,197
453,antenna,0.45,331,142,354,228
454,antenna,0.52,394,118,423,197
454,antenna,0.47,331,142,354,228
454,antenna,0.36,246,184,278,255
455,antenna,0.51,394,117,423,196
455,antenna,0.45,330,142,354,228
455,antenna,0.32,245,182,276,253
456,antenna,0.50,395,117,424,196
456,antenna,0.44,330,141,354,228
456,antenna,0.33,245,182,276,253
457,antenna,0.51,396,124,424,195
457,antenna,0.43,330,141,354,227
457,antenna,0.39,245,183,276,253
457,antenna,0.31,223,169,250,248
458,antenna,0.51,396,124,424,195
458,antenna,0.41,330,142,353,227
458,antenna,0.33,244,182,275,252
459,antenna,0.51,396,124,425,196
459,antenna,0.41,330,142,353,227
459,antenna,0.35,246,183,275,251
460,antenna,0.53,396,124,425,196
460,antenna,0.41,329,142,353,228
460,antenna,0.41,247,184,275,250
460,antenna,0.31,222,168,250,246
461,antenna,0.51,396,124,425,197
461,antenna,0.41,328,142,353,228
461,antenna,0.37,246,183,275,250
462,antenna,0.50,396,125,425,197
462,antenna,0.41,328,141,353,228
462,antenna,0.35,246,183,275,250
463,antenna,0.51,396,125,425,198
463,antenna,0.42,328,141,352,228
463,antenna,0.36,246,183,275,249
463,antenna,0.34,221,168,248,245
464,antenna,0.51,395,123,424,198
464,antenna,0.42,328,140,352,227
464,antenna,0.31,221,168,248,245
465,antenna,0.51,395,124,424,198
465,antenna,0.42,328,140,352,227
465,antenna,0.32,221,167,248,244
466,antenna,0.52,395,124,424,198
466,antenna,0.44,327,141,352,228
466,antenna,0.36,221,166,248,244
467,antenna,0.52,395,125,424,198
467,antenna,0.44,327,139,352,228
468,antenna,0.53,395,125,424,199
468,antenna,0.44,327,137,351,228
469,antenna,0.53,395,125,423,199
469,antenna,0.44,327,138,351,228
469,antenna,0.32,221,164,249,243
470,antenna,0.52,395,124,423,199
470,antenna,0.43,327,136,351,228
471,antenna,0.51,395,123,424,200
471,antenna,0.42,327,135,350,228
472,antenna,0.52,396,124,424,200
472,antenna,0.42,327,137,350,228
472,antenna,0.34,233,176,271,248
472,antenna,0.30,242,180,272,246
472,antenna,0.30,220,163,248,243
473,antenna,0.51,396,125,424,200
473,antenna,0.42,327,138,350,228
473,antenna,0.35,233,176,271,248
474,antenna,0.51,395,125,424,200
474,antenna,0.42,327,140,349,228
474,antenna,0.41,234,177,271,248
475,antenna,0.53,395,126,424,200
475,antenna,0.50,237,176,272,248
475,antenna,0.44,327,142,349,228
476,antenna,0.52,237,176,272,248
476,antenna,0.50,395,125,424,201
476,antenna,0.44,326,141,349,228
477,antenna,0.52,237,177,272,248
477,antenna,0.50,395,125,424,201
477,antenna,0.44,326,140,349,228
478,antenna,0.55,237,177,271,247
478,antenna,0.50,395,126,424,202
478,antenna,0.45,326,140,349,228
478,antenna,0.30,241,98,269,181
479,antenna,0.53,236,177,271,247
479,antenna,0.49,395,126,424,202
479,antenna,0.44,326,140,349,228
479,antenna,0.30,241,97,270,181
480,antenna,0.53,236,177,270,247
480,antenna,0.49,396,127,423,202
480,antenna,0.44,326,140,349,228
480,antenna,0.32,241,97,271,180
481,antenna,0.54,236,177,270,246
481,antenna,0.49,396,128,425,203
481,antenna,0.46,326,141,348,229
481,antenna,0.34,241,96,271,180
482,antenna,0.51,235,177,270,246
482,antenna,0.48,396,130,425,203
482,antenna,0.44,325,140,348,229
482,antenna,0.32,241,96,272,180
482,antenna,0.30,243,93,284,182
483,antenna,0.49,396,130,425,204
483,antenna,0.48,234,176,269,247
483,antenna,0.44,325,139,348,229
483,antenna,0.31,240,96,273,180
484,antenna,0.50,235,175,268,246
484,antenna,0.49,397,131,425,204
484,antenna,0.45,325,139,348,230
484,antenna,0.32,242,94,280,181
485,antenna,0.49,397,131,425,205
485,antenna,0.47,234,173,268,246
485,antenna,0.44,324,137,348,230
485,antenna,0.32,241,95,273,179
486,antenna,0.49,397,131,425,205
486,antenna,0.46,234,172,268,245
486,antenna,0.45,324,135,349,231
486,antenna,0.32,242,93,280,180
487,antenna,0.50,397,131,425,205
487,antenna,0.47,234,171,267,244
487,antenna,0.46,323,134,348,231
487,antenna,0.32,241,94,273,180
488,antenna,0.49,397,132,425,205
488,antenna,0.47,234,171,267,245
488,antenna,0.45,323,131,348,231
488,antenna,0.33,241,94,272,179
489,antenna,0.51,234,170,266,244
489,antenna,0.49,397,132,425,206
489,antenna,0.44,322,131,348,232
489,antenna,0.34,241,94,273,178
490,antenna,0.55,234,170,265,244
490,antenna,0.50,397,132,424,206
490,antenna,0.42,323,134,347,231
490,antenna,0.35,241,94,272,178
491,antenna,0.53,234,170,265,244
491,antenna,0.49,397,132,425,206
491,antenna,0.41,323,133,346,232
491,antenna,0.34,241,93,273,178
492,antenna,0.54,234,170,265,244
492,antenna,0.49,397,132,424,206
492,antenna,0.42,322,134,346,232
492,antenna,0.33,241,93,272,177
493,antenna,0.54,231,166,264,244
493,antenna,0.50,397,132,424,207
493,antenna,0.43,322,135,345,232
493,antenna,0.33,243,92,280,178
494,antenna,0.56,230,166,264,245
494,antenna,0.49,396,133,424,207
494,antenna,0.41,322,135,345,232
494,antenna,0.33,242,92,280,178
495,antenna,0.57,230,166,264,245
495,antenna,0.50,396,132,424,207
495,antenna,0.40,322,136,345,232
495,antenna,0.33,242,92,281,178
496,antenna,0.57,230,166,264,244
496,antenna,0.50,395,132,424,207
496,antenna,0.38,322,138,344,232
496,antenna,0.34,242,92,280,178
497,antenna,0.57,229,164,264,243
497,antenna,0.50,397,137,424,209
497,antenna,0.42,322,144,343,232
497,antenna,0.37,243,93,279,179
498,antenna,0.57,229,164,264,243
498,antenna,0.50,397,138,424,209
498,antenna,0.41,323,148,343,230
498,antenna,0.38,243,92,279,178
499,antenna,0.57,229,163,264,243
499,antenna,0.51,397,139,424,209
499,antenna,0.43,323,149,343,231
499,antenna,0.38,244,93,278,179
500,antenna,0.58,229,164,263,244
500,antenna,0.51,397,139,424,209
500,antenna,0.46,322,149,343,232
500,antenna,0.39,244,93,278,179
501,antenna,0.58,229,165,263,244
501,antenna,0.51,397,140,424,210
501,antenna,0.45,322,150,343,232
501,antenna,0.37,244,93,279,178
502,antenna,0.58,229,165,263,244
502,antenna,0.51,396,140,424,210
502,antenna,0.46,322,151,343,232
502,antenna,0.35,244,94,278,179
503,antenna,0.58,229,165,263,244
503,antenna,0.52,396,140,424,210
503,antenna,0.47,322,151,343,232
503,antenna,0.32,245,95,278,179
504,antenna,0.58,228,164,263,244
504,antenna,0.50,396,134,423,210
504,antenna,0.46,322,151,343,232
505,antenna,0.57,228,164,263,245
505,antenna,0.51,396,141,424,211
505,antenna,0.46,322,151,343,232
505,antenna,0.33,340,89,366,160
506,antenna,0.56,227,164,262,245
506,antenna,0.52,396,142,424,212
506,antenna,0.47,322,151,343,232
506,antenna,0.39,339,89,366,159
507,antenna,0.52,226,164,262,245
507,antenna,0.51,397,141,425,213
507,antenna,0.46,321,151,344,233
507,antenna,0.39,338,89,367,161
508,antenna,0.52,226,165,262,245
508,antenna,0.51,396,141,425,214
508,antenna,0.47,321,151,343,233
508,antenna,0.41,336,89,366,160
509,antenna,0.52,225,165,261,245
509,antenna,0.52,397,141,424,214
509,antenna,0.49,321,151,343,232
509,antenna,0.42,339,90,367,160
510,antenna,0.51,224,163,260,245
510,antenna,0.50,397,141,425,215
510,antenna,0.48,320,150,343,233
510,antenna,0.38,338,90,368,162
511,antenna,0.51,224,162,259,245
511,antenna,0.49,396,140,425,216
511,antenna,0.48,320,150,342,233
511,antenna,0.33,335,90,366,161
512,antenna,0.52,224,162,259,244
512,antenna,0.49,396,140,424,216
512,antenna,0.48,320,150,342,234
512,antenna,0.32,338,91,368,163
513,antenna,0.48,223,163,259,244
513,antenna,0.48,396,139,425,216
513,antenna,0.47,320,150,342,235
513,antenna,0.30,337,91,368,164
514,antenna,0.47,396,140,424,217
514,antenna,0.46,320,151,342,235
514,antenna,0.45,223,163,259,243
515,antenna,0.49,395,143,423,216
515,antenna,0.48,223,164,259,242
515,antenna,0.45,319,151,341,235
515,antenna,0.30,337,92,368,163
516,antenna,0.49,395,143,423,216
516,antenna,0.45,319,151,341,235
516,antenna,0.45,223,164,259,241
516,antenna,0.34,333,90,367,163
517,antenna,0.50,395,144,423,216
517,antenna,0.47,319,151,341,235
517,antenna,0.43,223,164,259,240
517,antenna,0.33,336,92,368,164
518,antenna,0.52,395,145,422,216
518,antenna,0.48,318,152,340,235
518,antenna,0.43,223,165,258,240
518,antenna,0.36,337,92,368,163
519,antenna,0.51,395,144,422,216
519,antenna,0.46,318,152,340,234
519,antenna,0.41,223,165,258,240
519,antenna,0.35,337,92,368,165
520,antenna,0.52,394,144,423,217
520,antenna,0.45,318,151,340,234
520,antenna,0.41,223,166,258,241
520,antenna,0.30,336,92,368,164
521,antenna,0.54,394,146,422,217
521,antenna,0.47,317,151,340,234
521,antenna,0.42,223,168,258,241
522,antenna,0.53,393,145,423,218
522,antenna,0.47,316,150,340,234
522,antenna,0.39,223,167,258,242
523,antenna,0.53,393,145,423,218
523,antenna,0.49,315,149,340,234
523,antenna,0.37,223,167,258,241
524,antenna,0.55,393,146,422,218
524,antenna,0.51,315,150,339,234
524,antenna,0.39,223,168,258,240
525,antenna,0.54,393,145,422,218
525,antenna,0.50,315,150,339,234
525,antenna,0.35,222,166,258,240
526,antenna,0.54,392,145,422,219
526,antenna,0.48,315,149,339,235
526,antenna,0.34,222,166,258,240
527,antenna,0.55,392,146,422,219
527,antenna,0.47,315,149,339,235
527,antenna,0.36,222,166,257,240
527,antenna,0.32,339,94,369,166
528,antenna,0.54,392,146,422,219
528,antenna,0.47,314,148,340,235
528,antenna,0.35,222,165,258,241
528,antenna,0.31,338,93,370,170
529,antenna,0.55,391,146,423,220
529,antenna,0.47,313,147,340,235
529,antenna,0.34,336,94,369,173
529,antenna,0.33,221,166,257,241
530,antenna,0.56,391,146,422,220
530,antenna,0.47,314,148,339,234
530,antenna,0.36,337,94,370,172
530,antenna,0.35,216,166,257,240
531,antenna,0.55,392,146,422,221
531,antenna,0.45,313,147,339,234
531,antenna,0.38,335,94,370,174
531,antenna,0.32,221,164,257,241
532,antenna,0.55,392,147,422,222
532,antenna,0.42,312,149,338,235
532,antenna,0.39,336,94,370,174
532,antenna,0.33,216,157,256,239
532,antenna,0.30,252,88,293,185
533,antenna,0.55,392,148,421,222
533,antenna,0.41,313,151,336,235
533,antenna,0.38,337,94,371,173
533,antenna,0.36,216,155,255,239
533,antenna,0.32,252,88,292,184
534,antenna,0.54,392,147,421,223
534,antenna,0.42,313,150,336,236
534,antenna,0.39,336,94,371,175
534,antenna,0.34,215,153,256,239
534,antenna,0.33,252,87,293,185
535,antenna,0.53,392,147,421,223
535,antenna,0.42,313,150,336,237
535,antenna,0.36,337,94,371,174
535,antenna,0.35,215,152,255,239
535,antenna,0.35,252,87,293,186
536,antenna,0.54,391,149,420,224
536,antenna,0.43,313,150,336,237
536,antenna,0.40,215,151,254,240
536,antenna,0.35,252,88,292,185
536,antenna,0.35,338,94,371,173
537,antenna,0.52,391,149,421,224
537,antenna,0.45,311,150,337,238
537,antenna,0.37,214,150,255,240
537,antenna,0.35,252,88,293,186
537,antenna,0.33,337,95,371,175
538,antenna,0.52,391,149,421,225
538,antenna,0.46,310,149,337,238
538,antenna,0.37,214,149,255,240
538,antenna,0.35,252,89,293,186
538,antenna,0.31,338,94,372,176
539,antenna,0.53,391,150,420,225
539,antenna,0.46,310,150,336,238
539,antenna,0.41,215,150,254,240
539,antenna,0.35,252,90,292,185
539,antenna,0.32,340,95,372,175
540,antenna,0.52,390,151,420,226
540,antenna,0.45,310,150,336,238
540,antenna,0.40,214,150,254,241
540,antenna,0.36,252,89,292,186
540,antenna,0.31,340,95,372,176
541,antenna,0.52,390,151,420,227
541,antenna,0.44,310,150,335,239
541,antenna,0.40,214,152,254,240
541,antenna,0.35,252,89,292,185
541,antenna,0.30,340,95,372,175
542,antenna,0.51,389,151,420,227
542,antenna,0.46,310,152,333,239
542,antenna,0.44,215,154,253,240
542,antenna,0.35,252,89,291,185
542,antenna,0.33,341,95,372,175
543,antenna,0.51,389,149,421,228
543,antenna,0.46,310,152,333,240
543,antenna,0.42,214,154,253,240
543,antenna,0.33,340,95,372,176
543,antenna,0.33,252,89,291,186
544,antenna,0.50,389,148,421,229
544,antenna,0.46,310,153,333,238
544,antenna,0.43,214,153,253,240
544,antenna,0.31,252,89,291,186
544,antenna,0.31,340,95,372,177
545,antenna,0.50,388,149,420,229
545,antenna,0.49,310,154,333,238
545,antenna,0.44,215,154,252,240
545,antenna,0.31,342,95,372,176
545,antenna,0.31,251,91,287,186
546,antenna,0.49,388,149,421,229
546,antenna,0.47,309,153,333,240
546,antenna,0.42,214,154,252,239
546,antenna,0.30,341,96,372,176
547,antenna,0.49,387,156,420,227
547,antenna,0.48,309,153,332,240
547,antenna,0.43,214,154,252,239
547,antenna,0.31,341,96,372,176
547,antenna,0.30,252,89,292,187
548,antenna,0.51,388,157,419,227
548,antenna,0.50,309,153,332,240
548,antenna,0.44,215,154,252,238
548,antenna,0.32,253,90,291,186
549,antenna,0.50,309,152,332,239
549,antenna,0.49,387,156,420,227
549,antenna,0.41,214,155,252,238
549,antenna,0.31,340,98,372,175
549,antenna,0.31,252,89,292,188
550,antenna,0.50,309,153,332,239
550,antenna,0.50,387,155,420,228
550,antenna,0.40,214,156,252,237
550,antenna,0.32,252,89,292,188
551,antenna,0.53,308,153,332,239
551,antenna,0.51,387,155,419,229
551,antenna,0.42,214,155,252,236
551,antenna,0.33,252,89,292,188
552,antenna,0.53,308,152,332,239
552,antenna,0.50,386,155,420,229
552,antenna,0.39,214,154,251,236
552,antenna,0.32,252,89,292,189
552,antenna,0.31,341,99,372,175
553,antenna,0.53,307,152,332,239
553,antenna,0.51,386,156,419,230
553,antenna,0.41,214,154,251,235
553,antenna,0.33,340,99,372,175
553,antenna,0.32,253,89,292,190
554,antenna,0.53,307,153,331,238
554,antenna,0.52,386,156,419,230
554,antenna,0.43,214,154,251,234
554,antenna,0.36,342,99,373,173
555,antenna,0.52,307,153,331,238
555,antenna,0.51,386,155,419,230
555,antenna,0.41,213,153,251,235
555,antenna,0.36,342,99,373,174
556,antenna,0.52,306,153,331,238
556,antenna,0.50,386,153,419,231
556,antenna,0.43,214,154,251,236
556,antenna,0.36,343,99,373,174
557,antenna,0.53,306,154,330,237
557,antenna,0.51,387,155,419,231
557,antenna,0.46,214,154,251,236
557,antenna,0.36,344,100,372,173
558,antenna,0.54,306,153,330,238
558,antenna,0.50,387,156,419,231
558,antenna,0.44,213,152,251,236
558,antenna,0.37,342,100,373,174
559,antenna,0.54,305,153,330,238
559,antenna,0.48,387,156,419,232
559,antenna,0.45,213,153,250,236
559,antenna,0.34,343,100,373,174
560,antenna,0.52,305,152,330,239
560,antenna,0.48,387,159,418,231
560,antenna,0.47,213,154,250,236
560,antenna,0.33,343,100,373,174
561,antenna,0.51,305,152,330,238
561,antenna,0.47,387,155,419,232
561,antenna,0.44,213,157,251,236
561,antenna,0.32,343,100,373,174
562,antenna,0.50,305,152,329,238
562,antenna,0.46,387,154,419,232
562,antenna,0.46,213,159,251,236
562,antenna,0.32,343,100,373,174
563,antenna,0.49,306,153,328,238
563,antenna,0.48,387,155,418,232
563,antenna,0.46,213,157,250,236
563,antenna,0.32,344,100,373,174
564,antenna,0.49,305,154,328,238
564,antenna,0.46,386,154,418,233
564,antenna,0.43,212,156,251,236
564,antenna,0.31,343,100,373,175
565,antenna,0.49,305,154,328,238
565,antenna,0.47,386,155,418,233
565,antenna,0.40,212,155,250,235
566,antenna,0.50,386,155,417,233
566,antenna,0.49,305,154,328,239
566,antenna,0.41,212,155,250,235
566,antenna,0.31,348,100,376,175
567,antenna,0.50,304,154,328,238
567,antenna,0.49,386,156,417,233
567,antenna,0.41,212,155,250,235
568,antenna,0.50,386,157,417,234
568,antenna,0.50,304,154,328,238
568,antenna,0.41,211,153,250,235
569,antenna,0.50,386,159,416,233
569,antenna,0.50,303,153,328,237
569,antenna,0.44,211,150,248,235
569,antenna,0.30,255,89,293,190
570,antenna,0.49,385,159,416,234
570,antenna,0.48,302,153,328,238
570,antenna,0.43,208,147,247,234
570,antenna,0.32,255,88,293,191
571,antenna,0.49,385,160,416,233
571,antenna,0.47,302,152,328,238
571,antenna,0.44,208,147,247,233
571,antenna,0.31,255,88,293,190
572,antenna,0.52,385,161,415,233
572,antenna,0.48,208,146,247,233
572,antenna,0.48,302,152,328,239
572,antenna,0.31,255,87,293,190
573,antenna,0.51,384,159,416,234
573,antenna,0.47,209,146,247,233
573,antenna,0.47,302,153,327,239
573,antenna,0.30,256,87,291,185
574,antenna,0.51,384,158,416,234
574,antenna,0.47,302,152,326,237
574,antenna,0.45,209,149,247,232
574,antenna,0.31,256,87,292,184
575,antenna,0.52,384,159,415,234
575,antenna,0.50,302,153,326,237
575,antenna,0.47,209,147,247,232
575,antenna,0.31,256,87,292,184
576,antenna,0.51,384,161,414,234
576,antenna,0.49,302,153,326,238
576,antenna,0.47,209,146,247,231
576,antenna,0.33,256,86,292,184
577,antenna,0.50,384,161,415,235
577,antenna,0.50,302,154,325,237
577,antenna,0.46,209,147,247,230
577,antenna,0.34,256,86,292,184
578,antenna,0.52,384,162,414,235
578,antenna,0.51,302,154,324,237
578,antenna,0.50,210,147,245,228
578,antenna,0.36,256,86,292,184
579,antenna,0.50,302,154,324,239
579,antenna,0.49,384,161,415,236
579,antenna,0.47,210,146,245,229
579,antenna,0.37,256,86,292,185
580,antenna,0.51,301,153,325,239
580,antenna,0.50,383,159,415,236
580,antenna,0.49,210,145,244,230
580,antenna,0.37,256,86,293,185
581,antenna,0.53,301,153,325,239
581,antenna,0.50,210,145,244,230
581,antenna,0.50,382,158,414,236
581,antenna,0.38,257,86,292,185
582,antenna,0.54,300,152,325,240
582,antenna,0.48,209,145,244,229
582,antenna,0.45,382,157,414,237
582,antenna,0.39,256,85,293,185
583,antenna,0.53,299,152,325,239
583,antenna,0.45,209,146,244,228
583,antenna,0.44,381,166,411,235
583,antenna,0.39,256,85,293,185
584,antenna,0.54,299,151,324,238
584,antenna,0.47,209,146,243,227
584,antenna,0.46,380,168,411,236
584,antenna,0.40,256,86,293,189
585,antenna,0.54,298,150,324,237
585,antenna,0.45,380,168,410,237
585,antenna,0.44,209,146,243,227
585,antenna,0.40,256,86,294,189
586,antenna,0.53,298,148,325,238
586,antenna,0.46,380,166,410,237
586,antenna,0.43,208,146,244,228
586,antenna,0.41,255,86,295,189
587,antenna,0.52,297,149,324,238
587,antenna,0.47,380,164,410,238
587,antenna,0.46,209,147,243,227
587,antenna,0.42,255,86,295,188
588,antenna,0.50,297,149,324,238
588,antenna,0.45,207,149,245,230
588,antenna,0.45,380,162,410,238
588,antenna,0.41,255,86,296,188
589,antenna,0.49,296,149,324,238
589,antenna,0.47,209,150,244,229
589,antenna,0.44,380,164,410,238
589,antenna,0.42,255,86,296,189
590,antenna,0.49,208,151,244,230
590,antenna,0.47,297,151,323,237
590,antenna,0.45,380,165,409,238
590,antenna,0.41,255,85,295,187
591,antenna,0.48,207,149,244,230
591,antenna,0.46,295,149,324,238
591,antenna,0.43,379,165,409,238
591,antenna,0.40,256,85,295,187
592,antenna,0.48,208,148,244,230
592,antenna,0.46,295,150,323,238
592,antenna,0.43,379,164,409,238
592,antenna,0.38,256,85,295,186
593,antenna,0.48,209,147,243,228
593,antenna,0.47,295,152,322,239
593,antenna,0.46,380,165,408,239
593,antenna,0.41,257,86,293,185
594,antenna,0.47,208,146,243,229
594,antenna,0.46,379,164,409,239
594,antenna,0.45,295,152,323,239
594,antenna,0.40,256,86,294,185
595,antenna,0.49,208,146,243,228
595,antenna,0.46,378,169,407,239
595,antenna,0.43,294,152,323,239
595,antenna,0.39,256,86,295,185
596,antenna,0.52,209,147,243,228
596,antenna,0.50,378,170,406,238
596,antenna,0.45,294,152,322,239
596,antenna,0.38,257,86,294,184
597,antenna,0.51,377,171,407,239
597,antenna,0.50,209,147,242,228
597,antenna,0.43,293,151,323,240
597,antenna,0.38,257,86,294,184
598,antenna,0.53,377,171,406,239
598,antenna,0.50,209,147,242,227
598,antenna,0.44,293,151,323,239
598,antenna,0.38,258,86,294,183
599,antenna,0.55,376,171,406,238
599,antenna,0.54,210,147,242,227
599,antenna,0.47,293,153,322,239
599,antenna,0.37,258,87,294,182
600,antenna,0.55,209,146,242,227
600,antenna,0.54,376,172,406,239
600,antenna,0.47,293,154,323,239
600,antenna,0.35,258,86,294,183
601,antenna,0.56,210,146,243,226
601,antenna,0.54,376,172,406,239
601,antenna,0.48,293,155,322,239
601,antenna,0.31,258,86,293,182
602,antenna,0.58,210,145,243,227
602,antenna,0.53,375,172,406,239
602,antenna,0.48,293,156,321,240
602,antenna,0.30,259,86,293,182
603,antenna,0.56,210,144,243,227
603,antenna,0.52,375,172,407,241
603,antenna,0.45,293,157,321,240
604,antenna,0.56,210,145,243,226
604,antenna,0.49,374,172,408,241
604,antenna,0.44,293,156,320,240
605,antenna,0.58,210,144,243,225
605,antenna,0.47,293,157,318,238
605,antenna,0.46,374,172,407,241
605,antenna,0.32,259,85,292,182
606,antenna,0.57,209,144,243,225
606,antenna,0.45,293,154,319,240
606,antenna,0.43,374,173,408,243
606,antenna,0.33,259,85,292,182
607,antenna,0.54,209,144,244,226
607,antenna,0.44,293,155,319,241
607,antenna,0.40,373,172,409,245
607,antenna,0.31,259,85,292,182
608,antenna,0.55,209,143,243,225
608,antenna,0.47,292,156,317,241
608,antenna,0.41,372,176,405,244
608,antenna,0.32,260,85,292,183
609,antenna,0.54,209,142,244,225
609,antenna,0.48,292,155,318,241
609,antenna,0.41,372,178,403,244
609,antenna,0.30,260,85,293,183
610,antenna,0.55,209,143,244,225
610,antenna,0.50,291,155,318,241
610,antenna,0.42,372,176,404,245
611,antenna,0.56,209,142,244,225
611,antenna,0.52,291,156,316,241
611,antenna,0.46,372,176,404,245
612,antenna,0.56,208,142,244,225
612,antenna,0.48,290,151,317,241
612,antenna,0.45,371,176,404,245
613,antenna,0.56,208,142,244,225
613,antenna,0.46,371,177,403,246
613,antenna,0.45,289,149,317,240
614,antenna,0.58,209,145,244,224
614,antenna,0.48,371,177,402,246
614,antenna,0.47,289,153,316,240
615,antenna,0.58,208,144,244,225
615,antenna,0.44,371,177,402,247
615,antenna,0.40,288,141,316,240
616,antenna,0.56,209,147,244,224
616,antenna,0.42,372,177,402,248
616,antenna,0.38,288,132,315,240
617,antenna,0.57,209,148,243,224
617,antenna,0.45,288,140,314,239
617,antenna,0.42,372,176,401,248
618,antenna,0.56,208,147,243,224
618,antenna,0.46,287,138,314,239
618,antenna,0.39,372,175,402,247
619,antenna,0.57,208,146,243,223
619,antenna,0.49,288,152,314,239
619,antenna,0.42,372,174,402,247
620,antenna,0.58,208,146,243,222
620,antenna,0.51,288,155,313,239
620,antenna,0.45,371,174,401,247
621,antenna,0.59,208,144,243,222
621,antenna,0.50,287,152,313,239
621,antenna,0.44,371,173,401,246
622,antenna,0.59,208,143,243,222
622,antenna,0.50,286,152,313,239
622,antenna,0.46,371,173,401,246
623,antenna,0.60,209,143,243,222
623,antenna,0.51,287,153,313,240
623,antenna,0.48,371,176,399,247
624,antenna,0.59,209,144,243,221
624,antenna,0.49,286,150,313,240
624,antenna,0.47,370,178,400,247
625,antenna,0.57,209,144,243,220
625,antenna,0.48,286,152,313,239
625,antenna,0.47,369,184,394,246
626,antenna,0.56,209,145,243,219
626,antenna,0.48,369,183,394,246
626,antenna,0.47,287,150,312,238
627,antenna,0.56,209,143,243,220
627,antenna,0.47,286,151,312,238
627,antenna,0.44,369,183,394,246
628,antenna,0.56,209,142,243,220
628,antenna,0.47,286,151,311,238
628,antenna,0.42,368,184,394,246
629,antenna,0.56,209,142,243,219
629,antenna,0.47,286,151,311,238
629,antenna,0.41,367,184,394,246
630,antenna,0.56,208,142,243,220
630,antenna,0.46,285,150,311,239
630,antenna,0.40,367,184,393,246
631,antenna,0.56,208,143,243,220
631,antenna,0.46,285,146,312,239
631,antenna,0.39,367,185,392,247
632,antenna,0.56,208,143,243,219
632,antenna,0.47,285,147,311,239
632,antenna,0.40,367,185,391,247
633,antenna,0.55,208,142,243,219
633,antenna,0.46,284,142,311,240
633,antenna,0.37,367,185,392,248
633,antenna,0.30,383,168,408,232
634,antenna,0.54,209,143,243,219
634,antenna,0.45,284,138,311,240
634,antenna,0.36,367,183,392,250
635,antenna,0.55,210,141,242,219
635,antenna,0.46,284,140,311,240
635,antenna,0.37,366,183,390,251
636,antenna,0.56,210,142,242,218
636,antenna,0.44,284,138,311,241
636,antenna,0.39,365,185,387,252
637,antenna,0.56,210,142,242,219
637,antenna,0.43,365,186,386,251
637,antenna,0.42,283,137,311,240
637,antenna,0.31,337,72,365,164
638,antenna,0.57,210,142,242,218
638,antenna,0.48,365,187,386,251
638,antenna,0.41,283,135,312,243
638,antenna,0.32,338,73,365,162
639,antenna,0.57,210,142,242,218
639,antenna,0.46,364,188,386,251
639,antenna,0.42,282,131,312,243
640,antenna,0.58,210,142,242,218
640,antenna,0.43,282,129,312,242
640,antenna,0.43,364,188,386,251
641,antenna,0.58,210,142,242,218
641,antenna,0.45,364,189,385,252
641,antenna,0.43,282,136,310,242
642,antenna,0.58,210,142,242,218
642,antenna,0.42,363,189,385,252
642,antenna,0.42,281,136,310,242
643,antenna,0.58,209,142,242,217
643,antenna,0.41,280,133,311,242
643,antenna,0.40,362,189,385,253
644,antenna,0.58,209,141,242,217
644,antenna,0.42,280,135,310,242
644,antenna,0.41,362,190,385,253
645,antenna,0.57,209,141,242,218
645,antenna,0.39,278,120,310,242
645,antenna,0.38,361,191,385,253
645,antenna,0.32,362,187,393,252
646,antenna,0.57,209,142,242,217
646,antenna,0.41,278,124,309,242
646,antenna,0.40,361,192,385,253
647,antenna,0.57,209,141,243,217
647,antenna,0.38,278,127,309,241
647,antenna,0.37,361,192,385,253
648,antenna,0.56,209,142,243,217
648,antenna,0.37,278,126,309,241
648,antenna,0.35,360,192,386,254
648,antenna,0.32,379,173,403,239
649,antenna,0.56,209,142,242,216
649,antenna,0.40,278,136,308,241
649,antenna,0.37,360,192,385,253
649,antenna,0.33,377,175,402,241
650,antenna,0.54,210,141,242,216
650,antenna,0.37,278,133,308,241
650,antenna,0.36,360,192,384,254
650,antenna,0.34,375,176,402,241
651,antenna,0.54,210,140,242,216
651,antenna,0.37,277,131,308,241
651,antenna,0.35,359,192,384,254
651,antenna,0.35,375,176,401,242
652,antenna,0.54,210,140,242,216
652,antenna,0.37,375,176,401,242
652,antenna,0.36,277,121,307,241
652,antenna,0.36,359,192,383,254
653,antenna,0.54,210,140,241,216
653,antenna,0.39,376,176,401,243
653,antenna,0.35,278,128,307,240
653,antenna,0.34,359,192,382,254
654,antenna,0.54,210,140,241,216
654,antenna,0.41,376,175,401,243
654,antenna,0.38,277,133,307,240
654,antenna,0.35,358,193,378,255
655,antenna,0.54,210,140,241,216
655,antenna,0.43,358,194,378,256
655,antenna,0.39,277,133,306,240
655,antenna,0.39,378,176,400,243
656,antenna,0.53,210,140,241,216
656,antenna,0.43,358,194,378,256
656,antenna,0.42,277,145,306,240
656,antenna,0.37,378,177,400,244
657,antenna,0.52,210,138,242,216
657,antenna,0.44,277,152,306,239
657,antenna,0.43,358,194,378,256
657,antenna,0.35,378,177,400,243
658,antenna,0.52,210,139,242,216
658,antenna,0.46,358,195,377,256
658,antenna,0.45,277,151,306,239
658,antenna,0.37,379,177,400,241
659,antenna,0.50,210,137,242,216
659,antenna,0.45,278,157,305,239
659,antenna,0.44,357,195,377,256
659,antenna,0.36,378,177,400,242
660,antenna,0.48,210,137,243,216
660,antenna,0.46,278,158,305,238
660,antenna,0.45,357,196,377,256
660,antenna,0.36,379,177,400,242
661,antenna,0.49,210,138,242,216
661,antenna,0.48,357,197,376,257
661,antenna,0.47,279,159,303,237
661,antenna,0.34,379,178,399,241
662,antenna,0.51,279,159,303,238
662,antenna,0.49,211,138,242,214
662,antenna,0.47,357,197,376,257
662,antenna,0.35,380,179,400,242
663,antenna,0.50,279,159,303,238
663,antenna,0.48,211,137,242,214
663,antenna,0.45,356,197,376,259
663,antenna,0.34,379,180,399,242
663,antenna,0.31,342,80,370,155
664,antenna,0.50,279,159,303,238
664,antenna,0.48,211,138,242,214
664,antenna,0.45,355,198,376,259
664,antenna,0.35,378,180,398,243
664,antenna,0.34,343,82,370,153
665,antenna,0.50,279,160,302,238
665,antenna,0.48,211,138,243,214
665,antenna,0.46,355,198,376,259
665,antenna,0.36,378,180,397,243
665,antenna,0.30,343,82,370,153
666,antenna,0.49,279,160,302,238
666,antenna,0.47,211,137,243,214
666,antenna,0.43,354,198,376,259
666,antenna,0.35,377,180,397,245
667,antenna,0.48,279,161,302,238
667,antenna,0.47,211,139,243,214
667,antenna,0.41,354,198,376,259
667,antenna,0.35,376,180,397,245
668,antenna,0.50,279,161,301,238
668,antenna,0.48,212,141,242,213
668,antenna,0.43,354,198,375,258
668,antenna,0.35,376,180,397,245
669,antenna,0.49,278,161,301,238
669,antenna,0.48,212,139,242,210
669,antenna,0.41,354,198,375,257
669,antenna,0.34,376,181,397,246
670,antenna,0.48,278,162,301,238
670,antenna,0.47,212,139,243,210
670,antenna,0.40,353,199,375,257
670,antenna,0.34,376,181,397,245
671,antenna,0.50,278,162,301,238
671,antenna,0.47,212,139,242,210
671,antenna,0.41,352,199,374,257
671,antenna,0.34,375,181,396,244
672,antenna,0.49,278,162,301,239
672,antenna,0.48,212,135,243,210
672,antenna,0.40,352,199,374,258
672,antenna,0.32,375,182,397,244
673,antenna,0.50,278,161,300,239
673,antenna,0.48,212,136,243,210
673,antenna,0.41,351,199,372,259
673,antenna,0.35,374,185,395,244
674,antenna,0.52,278,161,300,239
674,antenna,0.48,212,136,243,210
674,antenna,0.43,351,199,372,259
674,antenna,0.39,374,185,395,244
675,antenna,0.50,278,161,300,239
675,antenna,0.48,212,136,243,210
675,antenna,0.40,351,199,372,260
675,antenna,0.37,373,185,394,246
676,antenna,0.51,277,162,300,239
676,antenna,0.48,212,136,243,210
676,antenna,0.40,350,199,371,261
676,antenna,0.37,373,186,394,246
677,antenna,0.53,277,162,299,239
677,antenna,0.48,212,138,243,209
677,antenna,0.47,349,200,370,261
677,antenna,0.42,373,186,393,245
678,antenna,0.53,277,162,299,238
678,antenna,0.49,212,137,243,209
678,antenna,0.47,349,200,369,261
678,antenna,0.41,373,185,393,247
679,antenna,0.55,276,162,300,239
679,antenna,0.50,212,136,243,209
679,antenna,0.48,349,201,369,261
679,antenna,0.40,373,186,393,247
680,antenna,0.56,276,162,299,238
680,antenna,0.51,212,138,242,208
680,antenna,0.50,349,201,369,261
680,antenna,0.41,372,186,392,245
681,antenna,0.55,276,162,299,239
681,antenna,0.50,212,138,242,208
681,antenna,0.48,349,201,369,261
681,antenna,0.39,371,186,393,245
682,antenna,0.54,275,162,298,238
682,antenna,0.51,212,139,242,207
682,antenna,0.48,348,201,368,261
682,antenna,0.39,371,186,393,244
683,antenna,0.55,275,162,298,238
683,antenna,0.52,212,139,242,207
683,antenna,0.50,348,201,368,261
683,antenna,0.40,371,187,392,245
684,antenna,0.53,275,162,298,238
684,antenna,0.52,212,139,242,207
684,antenna,0.47,347,201,368,261
684,antenna,0.36,371,186,392,246
685,antenna,0.53,212,139,242,207
685,antenna,0.52,275,162,297,237
685,antenna,0.45,347,201,367,262
685,antenna,0.36,370,186,391,247
686,antenna,0.54,212,139,242,207
686,antenna,0.52,274,162,297,236
686,antenna,0.44,346,201,366,262
686,antenna,0.38,370,186,390,246
687,antenna,0.54,212,138,242,207
687,antenna,0.50,273,162,296,236
687,antenna,0.41,345,201,365,262
687,antenna,0.34,370,187,389,246
688,antenna,0.55,212,138,242,207
688,antenna,0.51,273,162,296,236
688,antenna,0.40,345,201,365,263
688,antenna,0.30,369,187,388,247
689,antenna,0.56,212,138,242,207
689,antenna,0.53,272,161,296,236
689,antenna,0.42,344,201,365,262
690,antenna,0.56,211,137,242,207
690,antenna,0.53,272,161,296,237
690,antenna,0.39,343,201,365,263
691,antenna,0.56,212,138,242,206
691,antenna,0.54,271,161,296,237
691,antenna,0.38,343,201,364,263
692,antenna,0.56,212,138,242,206
692,antenna,0.55,271,161,296,236
692,antenna,0.43,343,201,363,263
693,antenna,0.55,212,137,242,206
693,antenna,0.55,271,161,296,237
693,antenna,0.45,341,201,362,263
694,antenna,0.56,270,160,296,237
694,antenna,0.55,212,138,242,206
694,antenna,0.49,341,202,362,263
695,antenna,0.58,270,160,296,237
695,antenna,0.56,212,138,242,205
695,antenna,0.53,341,203,361,263
696,antenna,0.57,270,160,296,238
696,antenna,0.55,212,137,242,205
696,antenna,0.50,340,203,361,263
697,antenna,0.57,270,160,295,237
697,antenna,0.55,212,136,242,205
697,antenna,0.48,340,204,360,264
698,antenna,0.58,269,160,295,237
698,antenna,0.55,212,137,241,204
698,antenna,0.51,340,204,359,263
698,antenna,0.30,365,191,384,250
699,antenna,0.57,269,160,295,237
699,antenna,0.55,212,136,242,204
699,antenna,0.46,339,203,359,264
700,antenna,0.56,269,159,295,238
700,antenna,0.54,212,136,242,204
700,antenna,0.42,338,204,358,265
701,antenna,0.56,268,159,295,238
701,antenna,0.55,212,135,242,204
701,antenna,0.45,338,204,357,265
701,antenna,0.30,281,96,308,167
702,antenna,0.55,268,159,294,238
702,antenna,0.54,212,134,242,204
702,antenna,0.42,338,204,356,265
702,antenna,0.30,281,96,308,167
703,antenna,0.55,268,158,294,238
703,antenna,0.54,212,135,242,204
703,antenna,0.41,337,204,355,265
703,antenna,0.32,282,96,311,167
704,antenna,0.57,267,158,293,238
704,antenna,0.55,212,136,241,203
704,antenna,0.43,337,204,354,266
704,antenna,0.31,282,96,312,167
705,antenna,0.57,267,157,293,238
705,antenna,0.55,211,135,242,203
705,antenna,0.40,336,204,354,266
705,antenna,0.35,282,96,311,168
706,antenna,0.56,267,158,293,238
706,antenna,0.56,211,135,242,202
706,antenna,0.43,335,204,354,266
706,antenna,0.36,282,96,312,168
707,antenna,0.56,211,135,242,203
707,antenna,0.54,267,158,293,238
707,antenna,0.41,333,205,353,268
707,antenna,0.36,282,96,312,169
708,antenna,0.55,211,135,242,202
708,antenna,0.52,267,158,292,238
708,antenna,0.42,282,96,313,170
708,antenna,0.42,332,206,353,268
709,antenna,0.56,211,136,242,201
709,antenna,0.53,266,159,292,238
709,antenna,0.43,282,96,313,170
709,antenna,0.41,332,206,352,268
710,antenna,0.55,210,135,242,201
710,antenna,0.52,265,158,293,238
710,antenna,0.44,282,96,313,171
710,antenna,0.36,332,205,352,268
711,antenna,0.55,210,135,242,201
711,antenna,0.52,264,158,292,237
711,antenna,0.42,282,96,313,171
711,antenna,0.36,331,205,351,269
712,antenna,0.55,210,136,242,201
712,antenna,0.53,263,158,292,237
712,antenna,0.46,282,96,314,170
712,antenna,0.35,330,204,351,269
713,antenna,0.55,210,134,243,201
713,antenna,0.52,262,157,291,236
713,antenna,0.42,282,96,314,171
714,antenna,0.56,210,133,243,201
714,antenna,0.52,262,157,290,236
714,antenna,0.39,282,95,315,172
714,antenna,0.36,328,205,349,267
715,antenna,0.56,210,134,243,201
715,antenna,0.53,262,157,290,236
715,antenna,0.38,328,205,348,267
715,antenna,0.37,282,95,315,172
716,antenna,0.56,210,132,243,201
716,antenna,0.53,261,156,289,237
716,antenna,0.36,327,205,347,268
716,antenna,0.34,282,95,315,172
717,antenna,0.56,210,133,243,201
717,antenna,0.54,261,156,289,237
717,antenna,0.36,327,206,346,268
717,antenna,0.33,282,95,315,173
718,antenna,0.57,210,134,243,201
718,antenna,0.55,261,157,289,237
718,antenna,0.38,326,206,346,268
718,antenna,0.32,283,95,315,173
719,antenna,0.57,210,133,243,201
719,antenna,0.56,261,156,289,237
719,antenna,0.36,326,205,345,270
719,antenna,0.31,283,95,315,175
720,antenna,0.56,210,134,242,200
720,antenna,0.55,260,156,289,237
720,antenna,0.40,325,206,345,270
721,antenna,0.57,210,134,242,200
721,antenna,0.56,260,156,288,237
721,antenna,0.45,325,207,344,270
722,antenna,0.57,210,132,242,200
722,antenna,0.54,260,156,288,237
722,antenna,0.45,324,207,344,270
722,antenna,0.30,283,96,314,175
723,antenna,0.58,210,132,242,199
723,antenna,0.53,260,155,288,238
723,antenna,0.47,324,207,343,270
723,antenna,0.30,283,96,314,174
724,antenna,0.59,210,132,242,199
724,antenna,0.54,260,155,287,238
724,antenna,0.49,323,207,343,270
724,antenna,0.32,283,96,314,173
725,antenna,0.58,210,132,242,199
725,antenna,0.51,259,154,288,239
725,antenna,0.46,322,206,343,271
725,antenna,0.31,283,96,314,174
726,antenna,0.58,210,131,242,199
726,antenna,0.52,259,154,287,238
726,antenna,0.43,322,207,342,271
726,antenna,0.33,283,96,314,174
727,antenna,0.58,210,132,242,199
727,antenna,0.53,259,154,287,238
727,antenna,0.44,321,207,341,270
727,antenna,0.31,283,96,314,174
728,antenna,0.58,209,131,243,199
728,antenna,0.52,258,154,287,238
728,antenna,0.41,320,207,340,271
729,antenna,0.58,209,130,242,199
729,antenna,0.52,258,154,287,238
729,antenna,0.45,320,206,338,271
729,antenna,0.30,283,95,315,174
730,antenna,0.59,210,131,242,198
730,antenna,0.52,258,155,285,237
730,antenna,0.48,320,206,338,272
731,antenna,0.59,209,130,242,198
731,antenna,0.51,258,154,283,238
731,antenna,0.45,320,206,338,274
732,antenna,0.59,209,129,241,198
732,antenna,0.52,258,154,282,238
732,antenna,0.41,319,207,337,274
733,antenna,0.59,209,129,240,197
733,antenna,0.54,258,155,284,236
733,antenna,0.43,319,209,336,272
734,antenna,0.59,209,128,241,197
734,antenna,0.53,257,154,284,236
734,antenna,0.42,318,208,336,273
735,antenna,0.59,210,128,241,196
735,antenna,0.53,256,154,282,235
735,antenna,0.45,317,209,336,272
736,antenna,0.60,210,128,241,195
736,antenna,0.55,256,154,281,235
736,antenna,0.46,316,209,335,272
737,antenna,0.59,210,127,241,195
737,antenna,0.54,255,154,281,234
737,antenna,0.46,316,209,335,272
738,antenna,0.58,210,128,241,194
738,antenna,0.54,255,153,281,234
738,antenna,0.47,315,209,334,273
739,antenna,0.59,210,129,240,193
739,antenna,0.54,255,154,281,233
739,antenna,0.47,315,210,333,272
740,antenna,0.58,210,128,241,193
740,antenna,0.53,255,153,281,232
740,antenna,0.42,314,209,332,272
741,antenna,0.58,210,128,241,193
741,antenna,0.52,254,153,281,232
741,antenna,0.40,313,209,332,273
742,antenna,0.59,210,128,241,193
742,antenna,0.53,254,154,281,232
742,antenna,0.43,313,210,331,272
743,antenna,0.59,210,127,241,194
743,antenna,0.51,254,153,281,232
743,antenna,0.42,313,210,330,273
743,antenna,0.30,283,94,313,177
744,antenna,0.59,210,126,241,194
744,antenna,0.51,254,153,280,232
744,antenna,0.43,313,209,330,273
744,antenna,0.32,284,94,313,176
745,antenna,0.60,210,127,241,194
745,antenna,0.51,254,153,280,232
745,antenna,0.43,313,209,330,273
745,antenna,0.36,284,95,313,176
746,antenna,0.59,210,126,241,194
746,antenna,0.50,253,152,279,232
746,antenna,0.44,312,210,329,273
746,antenna,0.38,284,95,313,176
747,antenna,0.59,210,126,241,193
747,antenna,0.50,253,152,279,232
747,antenna,0.44,312,210,328,273
747,antenna,0.41,284,95,313,175
748,antenna,0.59,210,127,241,192
748,antenna,0.51,253,152,279,232
748,antenna,0.42,311,210,328,272
748,antenna,0.42,284,95,313,175
749,antenna,0.58,210,127,241,192
749,antenna,0.50,253,151,279,232
749,antenna,0.43,284,95,313,175
749,antenna,0.40,310,209,328,273
750,antenna,0.58,210,125,242,192
750,antenna,0.51,253,151,279,232
750,antenna,0.44,283,95,313,175
750,antenna,0.40,309,210,327,272
751,antenna,0.58,211,126,241,191
751,antenna,0.52,252,151,279,232
751,antenna,0.45,284,95,313,174
751,antenna,0.43,309,209,327,272
752,antenna,0.57,211,125,241,191
752,antenna,0.51,252,150,279,233
752,antenna,0.45,283,95,313,174
752,antenna,0.44,308,209,327,274
753,antenna,0.58,211,124,241,191
753,antenna,0.50,252,149,278,233
753,antenna,0.46,284,95,313,172
753,antenna,0.46,307,209,326,274
754,antenna,0.59,211,125,240,189
754,antenna,0.51,252,150,278,233
754,antenna,0.48,307,210,326,273
754,antenna,0.47,284,94,313,172
754,antenna,0.31,334,200,354,266
755,antenna,0.59,211,124,241,190
755,antenna,0.50,252,149,278,233
755,antenna,0.47,284,94,314,172
755,antenna,0.47,306,209,325,274
756,antenna,0.59,212,123,241,190
756,antenna,0.49,251,149,278,233
756,antenna,0.47,284,94,314,172
756,antenna,0.46,306,209,325,274
756,antenna,0.33,334,199,353,267
757,antenna,0.61,212,123,241,189
757,antenna,0.50,251,149,278,233
757,antenna,0.48,306,209,324,273
757,antenna,0.45,284,95,313,171
757,antenna,0.35,335,199,352,266
758,antenna,0.60,212,122,241,190
758,antenna,0.48,251,149,278,233
758,antenna,0.47,305,209,323,273
758,antenna,0.44,284,95,314,171
758,antenna,0.30,335,199,352,266
759,antenna,0.61,212,122,242,190
759,antenna,0.48,305,209,323,274
759,antenna,0.48,251,149,278,233
759,antenna,0.42,284,94,314,172
760,antenna,0.62,212,122,241,190
760,antenna,0.51,305,209,322,273
760,antenna,0.50,251,149,278,232
760,antenna,0.42,284,94,314,172
760,antenna,0.36,334,199,351,265
760,antenna,0.33,353,142,370,207
761,antenna,0.61,212,120,242,190
761,antenna,0.51,304,209,321,274
761,antenna,0.49,251,148,278,233
761,antenna,0.42,284,94,314,173
761,antenna,0.39,333,199,350,266
761,antenna,0.33,353,142,370,208
762,antenna,0.63,212,119,243,190
762,antenna,0.51,304,209,321,273
762,antenna,0.50,250,149,278,232
762,antenna,0.43,333,198,349,267
762,antenna,0.41,284,94,314,173
762,antenna,0.34,352,142,370,209
763,antenna,0.63,212,120,242,189
763,antenna,0.53,250,149,278,232
763,antenna,0.49,303,209,320,273
763,antenna,0.44,332,199,348,266
763,antenna,0.43,285,94,315,172
763,antenna,0.36,352,142,370,209
764,antenna,0.63,212,119,243,190
764,antenna,0.53,250,149,279,232
764,antenna,0.45,302,209,320,274
764,antenna,0.43,285,94,315,173
764,antenna,0.41,331,199,348,267
764,antenna,0.35,351,139,371,210
765,antenna,0.63,212,120,243,190
765,antenna,0.55,249,149,278,232
765,antenna,0.46,302,209,320,274
765,antenna,0.45,286,94,315,173
765,antenna,0.40,330,199,347,267
765,antenna,0.34,351,140,371,210
766,antenna,0.64,212,120,242,188
766,antenna,0.57,249,150,277,231
766,antenna,0.49,301,209,319,272
766,antenna,0.46,286,94,315,172
766,antenna,0.41,331,199,347,267
766,antenna,0.35,351,141,370,210
767,antenna,0.63,212,120,242,188
767,antenna,0.58,249,150,278,232
767,antenna,0.50,300,209,318,273
767,antenna,0.46,286,94,315,172
767,antenna,0.38,330,200,347,268
767,antenna,0.32,351,139,371,210
768,antenna,0.63,212,120,242,188
768,antenna,0.58,248,150,278,232
768,antenna,0.50,299,209,318,273
768,antenna,0.46,286,94,316,172
768,antenna,0.38,328,199,347,267
769,antenna,0.63,212,120,242,187
769,antenna,0.60,248,150,278,231
769,antenna,0.50,299,209,318,272
769,antenna,0.46,286,94,316,172
769,antenna,0.36,327,199,346,266
769,antenna,0.32,360,101,385,165
769,antenna,0.31,353,143,370,210
770,antenna,0.62,212,120,242,187
770,antenna,0.58,247,150,279,232
770,antenna,0.49,298,208,318,273
770,antenna,0.46,286,93,316,172
770,antenna,0.36,327,199,346,268
771,antenna,0.62,212,120,242,187
771,antenna,0.57,247,149,279,232
771,antenna,0.49,297,208,317,273
771,antenna,0.47,286,93,316,172
771,antenna,0.36,327,200,345,268
771,antenna,0.32,352,144,370,211
772,antenna,0.63,212,120,242,186
772,antenna,0.58,247,150,279,231
772,antenna,0.50,297,209,316,273
772,antenna,0.48,287,93,316,172
772,antenna,0.34,327,200,344,268
772,antenna,0.33,362,100,385,165
772,antenna,0.33,352,144,370,211
773,antenna,0.62,212,120,243,186
773,antenna,0.55,246,147,276,234
773,antenna,0.49,297,208,315,273
773,antenna,0.47,287,93,316,172
773,antenna,0.32,352,144,370,212
773,antenna,0.31,326,199,345,269
774,antenna,0.62,212,119,243,185
774,antenna,0.55,245,145,276,233
774,antenna,0.50,297,207,314,274
774,antenna,0.47,287,93,316,172
774,antenna,0.32,352,145,369,211
774,antenna,0.30,362,100,385,166
775,antenna,0.62,212,119,242,184
775,antenna,0.56,246,146,275,232
775,antenna,0.53,296,208,314,273
775,antenna,0.47,289,92,315,169
775,antenna,0.37,325,201,343,267
775,antenna,0.35,350,145,369,210
775,antenna,0.34,363,101,385,165
776,antenna,0.60,212,118,243,184
776,antenna,0.54,245,145,275,232
776,antenna,0.51,295,207,314,274
776,antenna,0.46,288,92,316,169
776,antenna,0.36,324,200,343,268
776,antenna,0.31,349,144,369,211
777,antenna,0.59,212,116,243,184
777,antenna,0.53,295,206,313,274
777,antenna,0.53,245,144,275,231
777,antenna,0.44,289,92,315,169
777,antenna,0.41,323,200,342,267
777,antenna,0.31,351,142,369,212
778,antenna,0.59,213,116,243,183
778,antenna,0.55,294,206,313,273
778,antenna,0.54,245,144,274,230
778,antenna,0.47,323,200,340,265
778,antenna,0.42,287,92,316,169
778,antenna,0.33,351,141,368,212
779,antenna,0.58,213,116,243,184
779,antenna,0.53,294,205,312,273
779,antenna,0.52,245,143,274,230
779,antenna,0.46,323,200,340,266
779,antenna,0.38,289,91,315,168
779,antenna,0.33,351,138,368,212
780,antenna,0.57,213,115,244,183
780,antenna,0.51,245,143,274,229
780,antenna,0.51,293,206,311,273
780,antenna,0.47,322,199,339,266
780,antenna,0.37,289,90,316,169
780,antenna,0.33,351,138,368,213
781,antenna,0.57,213,115,244,182
781,antenna,0.52,246,147,274,227
781,antenna,0.49,293,206,311,272
781,antenna,0.48,322,199,339,266
781,antenna,0.38,290,90,316,169
781,antenna,0.35,348,141,367,213
782,antenna,0.54,213,113,245,182
782,antenna,0.49,245,147,274,228
782,antenna,0.47,292,204,311,273
782,antenna,0.45,321,198,338,267
782,antenna,0.36,290,89,317,169
782,antenna,0.35,348,141,367,214
783,antenna,0.54,213,113,245,182
783,antenna,0.51,245,146,274,227
783,antenna,0.48,291,204,310,273
783,antenna,0.46,321,198,338,267
783,antenna,0.37,348,141,367,214
783,antenna,0.34,291,89,316,169
784,antenna,0.54,213,114,244,181
784,antenna,0.52,245,146,274,226
784,antenna,0.50,290,204,310,271
784,antenna,0.48,321,198,338,266
784,antenna,0.39,348,143,366,214
784,antenna,0.36,291,89,316,168
785,antenna,0.54,213,114,244,181
785,antenna,0.50,289,203,311,272
785,antenna,0.50,245,145,275,227
785,antenna,0.47,320,198,338,267
785,antenna,0.38,347,142,366,215
785,antenna,0.37,291,89,317,169
786,antenna,0.53,213,115,244,181
786,antenna,0.49,288,203,310,272
786,antenna,0.49,245,145,274,227
786,antenna,0.49,318,198,338,267
786,antenna,0.37,347,143,366,215
786,antenna,0.37,291,89,318,169
787,antenna,0.52,213,116,243,180
787,antenna,0.51,245,145,274,226
787,antenna,0.50,288,203,310,272
787,antenna,0.50,318,199,337,267
787,antenna,0.39,291,89,318,169
787,antenna,0.38,347,144,366,215
788,antenna,0.51,213,115,244,180
788,antenna,0.50,288,203,309,272
788,antenna,0.50,245,144,274,226
788,antenna,0.49,318,199,337,267
788,antenna,0.37,347,143,365,213
788,antenna,0.37,291,89,318,169
789,antenna,0.52,214,114,244,180
789,antenna,0.50,288,203,308,272
789,antenna,0.50,245,143,274,226
789,antenna,0.48,318,199,336,267
789,antenna,0.39,347,144,365,214
789,antenna,0.37,292,90,318,169
790,antenna,0.54,288,203,307,272
790,antenna,0.52,214,114,244,180
790,antenna,0.51,245,143,273,226
790,antenna,0.50,318,200,335,267
790,antenna,0.41,347,145,365,213
790,antenna,0.40,292,91,318,169
790,antenna,0.34,367,103,390,168
791,antenna,0.54,287,203,307,274
791,antenna,0.51,214,113,244,180
791,antenna,0.51,245,143,273,226
791,antenna,0.47,318,200,335,268
791,antenna,0.42,292,91,318,169
791,antenna,0.40,347,145,365,214
791,antenna,0.31,367,103,390,168
792,antenna,0.54,287,203,307,274
792,antenna,0.51,244,142,274,226
792,antenna,0.50,214,113,245,180
792,antenna,0.48,317,199,335,267
792,antenna,0.43,292,91,318,168
792,antenna,0.40,347,145,365,214
792,antenna,0.33,368,103,391,168
793,antenna,0.56,286,204,306,273
793,antenna,0.53,244,143,272,226
793,antenna,0.52,317,200,335,265
793,antenna,0.51,214,113,244,179
793,antenna,0.44,292,91,318,168
793,antenna,0.42,347,146,365,214
793,antenna,0.40,368,103,390,167
794,antenna,0.54,285,203,306,273
794,antenna,0.52,244,143,273,226
794,antenna,0.49,316,200,335,266
794,antenna,0.49,214,113,245,180
794,antenna,0.42,291,91,318,168
794,antenna,0.41,367,102,390,167
794,antenna,0.40,346,145,365,215
795,antenna,0.53,284,203,306,273
795,antenna,0.52,244,143,273,226
795,antenna,0.48,214,113,245,180
795,antenna,0.48,315,201,335,267
795,antenna,0.44,291,93,318,168
795,antenna,0.40,346,146,365,215
795,antenna,0.40,366,102,390,167
796,antenna,0.54,284,203,306,273
796,antenna,0.53,244,143,273,225
796,antenna,0.49,214,113,245,179
796,antenna,0.49,315,201,335,268
796,antenna,0.45,291,92,319,171
796,antenna,0.45,366,102,390,168
796,antenna,0.41,346,147,365,215
797,antenna,0.52,244,143,273,226
797,antenna,0.50,283,203,306,274
797,antenna,0.49,290,92,320,171
797,antenna,0.48,214,113,245,180
797,antenna,0.47,314,200,333,268
797,antenna,0.44,366,102,390,169
797,antenna,0.40,346,148,365,215
798,antenna,0.51,243,142,272,226
798,antenna,0.51,291,92,320,169
798,antenna,0.48,216,111,248,177
798,antenna,0.47,314,201,333,269
798,antenna,0.45,283,203,305,274
798,antenna,0.43,367,103,391,170
798,antenna,0.40,346,148,365,216
799,antenna,0.51,243,142,272,226
799,antenna,0.50,292,93,319,166
799,antenna,0.48,314,201,332,269
799,antenna,0.47,217,111,247,177
799,antenna,0.46,368,105,391,170
799,antenna,0.44,281,202,304,275
799,antenna,0.41,346,149,365,216
800,antenna,0.50,291,92,321,167
800,antenna,0.49,243,141,273,226
800,antenna,0.47,313,199,332,269
800,antenna,0.47,217,111,248,177
800,antenna,0.44,367,106,392,171
800,antenna,0.44,281,202,303,275
800,antenna,0.39,345,149,365,216
801,antenna,0.52,291,92,321,168
801,antenna,0.48,217,111,248,177
801,antenna,0.48,243,141,273,227
801,antenna,0.47,312,199,332,271
801,antenna,0.45,367,105,392,172
801,antenna,0.45,280,203,303,274
801,antenna,0.38,345,148,365,217
802,antenna,0.51,217,112,248,177
802,antenna,0.51,292,91,322,168
802,antenna,0.48,243,141,273,226
802,antenna,0.48,312,200,332,270
802,antenna,0.48,280,202,303,273
802,antenna,0.46,368,107,392,173
802,antenna,0.39,345,148,365,216
803,antenna,0.51,217,111,249,177
803,antenna,0.50,292,91,322,169
803,antenna,0.48,242,141,274,227
803,antenna,0.47,312,200,332,270
803,antenna,0.47,280,201,302,273
803,antenna,0.46,368,108,393,174
803,antenna,0.38,345,148,365,217
804,antenna,0.51,217,111,250,177
804,antenna,0.48,242,142,273,227
804,antenna,0.48,311,200,332,270
804,antenna,0.47,279,201,302,273
804,antenna,0.46,292,91,323,170
804,antenna,0.46,368,108,393,174
804,antenna,0.39,345,148,365,217
805,antenna,0.51,218,111,249,176
805,antenna,0.50,242,142,273,226
805,antenna,0.49,279,201,301,273
805,antenna,0.48,311,201,331,270
805,antenna,0.45,368,108,394,174
805,antenna,0.40,345,148,365,217
805,antenna,0.40,292,91,324,171
806,antenna,0.51,218,111,250,176
806,antenna,0.49,242,142,274,227
806,antenna,0.49,279,201,301,273
806,antenna,0.45,367,107,394,175
806,antenna,0.44,311,201,330,270
806,antenna,0.40,344,148,365,217
806,antenna,0.38,292,91,324,172
807,antenna,0.50,278,201,300,273
807,antenna,0.49,241,141,274,227
807,antenna,0.49,218,111,250,176
807,antenna,0.43,370,106,396,174
807,antenna,0.42,310,201,329,270
807,antenna,0.41,343,147,365,218
807,antenna,0.37,293,91,325,171
808,antenna,0.53,278,201,300,273
808,antenna,0.50,243,143,271,225
808,antenna,0.49,218,111,250,176
808,antenna,0.44,310,202,328,269
808,antenna,0.43,371,108,395,175
808,antenna,0.42,343,148,365,218
808,antenna,0.38,293,91,324,170
809,antenna,0.55,277,201,299,273
809,antenna,0.50,242,142,271,225
809,antenna,0.49,219,111,250,176
809,antenna,0.45,310,202,327,268
809,antenna,0.42,367,106,394,175
809,antenna,0.41,343,147,365,218
809,antenna,0.36,293,92,324,170
810,antenna,0.54,277,200,299,273
810,antenna,0.50,219,111,250,177
810,antenna,0.49,242,141,270,225
810,antenna,0.45,309,201,326,268
810,antenna,0.42,368,107,395,176
810,antenna,0.41,343,147,365,218
810,antenna,0.37,293,92,324,169
811,antenna,0.53,276,200,298,272
811,antenna,0.50,219,111,250,176
811,antenna,0.49,240,140,271,226
811,antenna,0.48,308,202,326,267
811,antenna,0.43,368,109,394,175
811,antenna,0.41,343,147,364,218
811,antenna,0.38,293,92,323,169
812,antenna,0.51,276,199,298,271
812,antenna,0.49,308,201,325,267
812,antenna,0.48,241,140,269,225
812,antenna,0.48,219,110,251,176
812,antenna,0.42,368,110,395,176
812,antenna,0.40,343,147,364,218
812,antenna,0.40,293,92,324,169
813,antenna,0.50,307,202,325,267
813,antenna,0.49,272,198,297,273
813,antenna,0.49,241,140,269,225
813,antenna,0.47,219,110,251,175
813,antenna,0.43,369,110,395,177
813,antenna,0.40,343,148,364,218
813,antenna,0.39,293,91,323,168
814,antenna,0.51,273,200,297,272
814,antenna,0.49,307,203,324,267
814,antenna,0.48,241,140,268,224
814,antenna,0.47,219,110,251,174
814,antenna,0.42,369,110,394,177
814,antenna,0.42,294,91,324,167
814,antenna,0.41,343,149,364,218
815,antenna,0.51,272,200,296,273
815,antenna,0.48,241,139,268,224
815,antenna,0.47,306,203,324,267
815,antenna,0.45,219,108,251,174
815,antenna,0.43,295,90,324,167
815,antenna,0.41,343,149,364,218
815,antenna,0.40,369,110,394,178
815,antenna,0.33,218,108,244,178
816,antenna,0.51,271,201,296,274
816,antenna,0.48,306,202,324,268
816,antenna,0.48,241,139,269,224
816,antenna,0.45,220,107,252,173
816,antenna,0.45,295,90,324,167
816,antenna,0.39,343,150,363,218
816,antenna,0.39,371,111,395,178
816,antenna,0.31,218,107,244,178
817,antenna,0.52,272,202,296,273
817,antenna,0.49,305,203,323,269
817,antenna,0.48,241,139,268,223
817,antenna,0.47,295,91,324,168
817,antenna,0.45,220,107,252,173
817,antenna,0.40,343,151,363,218
817,antenna,0.39,373,111,395,178
817,antenna,0.32,218,107,244,178
818,antenna,0.49,272,203,295,273
818,antenna,0.49,305,203,323,269
818,antenna,0.46,241,139,269,223
818,antenna,0.45,295,91,324,168
818,antenna,0.45,220,107,252,173
818,antenna,0.39,371,110,395,178
818,antenna,0.38,343,151,363,219
818,antenna,0.30,218,107,244,178
819,antenna,0.49,271,203,295,272
819,antenna,0.47,295,92,325,169
819,antenna,0.47,304,203,323,268
819,antenna,0.45,241,139,269,223
819,antenna,0.45,220,107,252,173
819,antenna,0.41,373,111,396,177
819,antenna,0.38,343,151,363,219
819,antenna,0.31,218,107,245,178
820,antenna,0.50,271,204,295,272
820,antenna,0.48,295,93,324,168
820,antenna,0.47,304,204,322,268
820,antenna,0.46,220,108,252,172
820,antenna,0.45,241,139,269,222
820,antenna,0.42,373,112,396,177
820,antenna,0.38,343,152,363,219
820,antenna,0.30,218,107,244,178
821,antenna,0.48,271,204,294,272
821,antenna,0.47,304,204,322,269
821,antenna,0.45,239,133,268,225
821,antenna,0.45,220,108,252,173
821,antenna,0.45,296,93,325,168
821,antenna,0.42,373,112,396,177
821,antenna,0.37,343,151,362,218
822,antenna,0.50,271,205,293,273
822,antenna,0.47,304,205,322,270
822,antenna,0.45,240,137,270,222
822,antenna,0.43,296,93,325,167
822,antenna,0.41,220,107,253,175
822,antenna,0.40,373,113,396,177
822,antenna,0.37,343,151,362,219
822,antenna,0.32,218,106,245,180
823,antenna,0.52,271,206,292,273
823,antenna,0.50,304,205,321,270
823,antenna,0.46,297,93,324,167
823,antenna,0.45,240,137,269,222
823,antenna,0.42,220,108,252,174
823,antenna,0.41,374,114,396,177
823,antenna,0.40,342,153,361,219
823,antenna,0.34,219,106,244,179
824,antenna,0.52,270,206,292,274
824,antenna,0.48,296,93,324,168
824,antenna,0.48,303,206,320,271
824,antenna,0.44,240,136,270,222
824,antenna,0.39,220,109,251,174
824,antenna,0.39,342,154,361,220
824,antenna,0.38,373,115,396,177
824,antenna,0.32,219,106,245,180
825,antenna,0.53,270,206,291,274
825,antenna,0.48,302,205,320,270
825,antenna,0.48,296,93,324,169
825,antenna,0.45,240,136,270,222
825,antenna,0.40,341,154,361,220
825,antenna,0.39,220,109,251,174
825,antenna,0.37,373,115,396,178
825,antenna,0.31,219,107,245,180
826,antenna,0.53,270,207,291,274
826,antenna,0.49,296,94,324,169
826,antenna,0.49,301,206,319,270
826,antenna,0.46,240,137,270,222
826,antenna,0.42,341,155,361,220
826,antenna,0.38,373,115,396,178
826,antenna,0.38,221,109,250,174
827,antenna,0.59,269,207,290,273
827,antenna,0.53,301,208,317,269
827,antenna,0.53,297,94,324,168
827,antenna,0.48,241,140,267,221
827,antenna,0.48,340,156,360,220
827,antenna,0.43,220,109,244,176
827,antenna,0.38,375,117,396,178
828,antenna,0.56,269,207,290,274
828,antenna,0.52,300,208,317,270
828,antenna,0.51,297,94,324,168
828,antenna,0.47,340,155,361,221
828,antenna,0.45,241,139,268,222
828,antenna,0.41,220,109,244,176
828,antenna,0.36,374,118,396,179
829,antenna,0.50,300,208,318,270
829,antenna,0.50,268,207,290,276
829,antenna,0.48,298,94,325,168
829,antenna,0.46,339,155,360,222
829,antenna,0.41,240,139,269,222
829,antenna,0.39,221,108,244,176
829,antenna,0.36,373,118,397,180
830,antenna,0.52,298,208,317,270
830,antenna,0.48,298,95,324,168
830,antenna,0.48,339,156,360,222
830,antenna,0.47,268,207,289,275
830,antenna,0.39,221,108,244,175
830,antenna,0.38,238,137,266,223
830,antenna,0.38,373,118,396,181
831,antenna,0.49,298,208,316,271
831,antenna,0.48,339,156,359,223
831,antenna,0.48,298,95,324,168
831,antenna,0.41,268,206,289,276
831,antenna,0.38,373,118,397,181
831,antenna,0.37,238,136,266,224
831,antenna,0.36,221,107,245,176
832,antenna,0.48,339,156,359,223
832,antenna,0.48,298,209,316,270
832,antenna,0.47,299,95,324,167
832,antenna,0.40,373,119,397,182
832,antenna,0.39,266,207,288,276
832,antenna,0.36,221,107,244,176
832,antenna,0.34,238,136,265,223
833,antenna,0.49,339,158,358,223
833,antenna,0.48,298,209,315,270
833,antenna,0.46,299,95,324,166
833,antenna,0.41,373,119,396,181
833,antenna,0.40,266,207,287,275
833,antenna,0.34,222,108,248,173
833,antenna,0.32,238,137,264,223
834,antenna,0.48,339,158,358,223
834,antenna,0.45,297,209,315,270
834,antenna,0.43,299,96,324,166
834,antenna,0.42,370,119,396,182
834,antenna,0.36,264,206,287,273
834,antenna,0.31,222,107,249,174
835,antenna,0.48,338,158,358,223
835,antenna,0.44,296,209,314,270
835,antenna,0.42,370,119,395,182
835,antenna,0.42,300,96,324,166
835,antenna,0.30,222,107,249,174
836,antenna,0.50,339,159,357,224
836,antenna,0.47,296,209,314,270
836,antenna,0.43,371,119,395,182
836,antenna,0.43,300,96,324,166
836,antenna,0.34,264,207,286,272
836,antenna,0.30,223,107,248,174
837,antenna,0.47,338,159,357,224
837,antenna,0.45,294,209,314,271
837,antenna,0.42,300,96,324,166
837,antenna,0.42,373,120,396,182
837,antenna,0.34,263,206,285,272
838,antenna,0.49,294,209,313,271
838,antenna,0.44,339,160,356,224
838,antenna,0.43,300,96,324,167
838,antenna,0.41,373,120,396,182
838,antenna,0.37,263,207,284,270
839,antenna,0.52,294,210,312,271
839,antenna,0.44,300,96,324,167
839,antenna,0.43,338,161,356,224
839,antenna,0.41,374,121,396,182
839,antenna,0.41,262,207,284,270
840,antenna,0.48,292,209,311,270
840,antenna,0.44,299,96,324,169
840,antenna,0.41,337,161,356,224
840,antenna,0.40,373,121,396,183
840,antenna,0.32,262,206,284,270
841,antenna,0.47,292,209,310,270
841,antenna,0.44,299,96,324,169
841,antenna,0.44,336,160,357,225
841,antenna,0.39,373,121,396,183
841,antenna,0.31,261,205,284,269
842,antenna,0.48,291,209,310,270
842,antenna,0.47,299,96,324,170
842,antenna,0.45,335,160,355,224
842,antenna,0.41,260,204,284,269
842,antenna,0.39,373,121,396,183
843,antenna,0.46,290,209,310,270
843,antenna,0.45,299,96,325,171
843,antenna,0.44,335,160,355,226
843,antenna,0.38,373,121,396,184
843,antenna,0.36,259,203,283,268
844,antenna,0.45,289,208,309,270
844,antenna,0.43,299,96,325,171
844,antenna,0.42,335,160,355,227
844,antenna,0.37,369,119,395,185
844,antenna,0.35,259,203,281,267
845,antenna,0.46,289,208,308,270
845,antenna,0.44,299,96,325,171
845,antenna,0.42,335,160,356,226
845,antenna,0.38,259,205,279,267
845,antenna,0.37,370,119,395,185
846,antenna,0.43,288,208,308,270
846,antenna,0.42,334,160,356,227
846,antenna,0.42,299,97,325,171
846,antenna,0.36,369,119,395,186
846,antenna,0.34,258,204,280,266
847,antenna,0.42,334,160,356,228
847,antenna,0.41,299,97,325,171
847,antenna,0.41,288,209,307,270
847,antenna,0.36,369,120,394,186
847,antenna,0.33,257,205,280,267
848,antenna,0.46,300,97,325,170
848,antenna,0.42,288,211,307,269
848,antenna,0.42,334,161,356,228
848,antenna,0.37,370,120,394,185
848,antenna,0.35,258,206,280,267
849,antenna,0.46,299,97,325,170
849,antenna,0.41,334,161,356,228
849,antenna,0.41,288,211,306,270
849,antenna,0.38,369,120,394,186
850,antenna,0.50,299,97,326,170
850,antenna,0.43,287,211,306,270
850,antenna,0.41,334,161,355,228
850,antenna,0.39,370,120,395,186
851,antenna,0.54,300,97,325,169
851,antenna,0.48,287,211,306,271
851,antenna,0.40,334,162,354,227
851,antenna,0.40,370,121,395,186
852,antenna,0.56,299,97,326,170
852,antenna,0.48,285,211,306,271
852,antenna,0.38,334,162,354,228
852,antenna,0.37,370,121,395,187
853,antenna,0.57,299,97,326,171
853,antenna,0.50,285,211,305,272
853,antenna,0.37,334,162,354,228
853,antenna,0.36,370,121,395,187
854,antenna,0.59,300,97,326,170
854,antenna,0.53,285,211,305,272
854,antenna,0.40,370,122,395,187
854,antenna,0.38,334,163,352,229
855,antenna,0.55,300,97,326,170
855,antenna,0.49,285,211,305,272
855,antenna,0.40,369,123,396,188
855,antenna,0.37,334,164,352,230
856,antenna,0.52,301,97,326,170
856,antenna,0.47,284,211,304,272
856,antenna,0.41,369,124,396,189
856,antenna,0.38,333,165,353,230
857,antenna,0.49,302,98,325,170
857,antenna,0.48,284,211,303,272
857,antenna,0.43,333,166,353,229
857,antenna,0.41,370,125,396,189
858,antenna,0.48,302,99,326,170
858,antenna,0.44,283,211,302,272
858,antenna,0.44,332,166,353,229
858,antenna,0.43,369,125,396,190
859,antenna,0.47,301,99,327,170
859,antenna,0.45,369,125,396,191
859,antenna,0.45,332,166,353,229
859,antenna,0.43,282,211,302,271
860,antenna,0.48,301,100,327,169
860,antenna,0.47,332,167,353,228
860,antenna,0.47,369,127,396,191
860,antenna,0.44,282,211,302,271
861,antenna,0.49,301,100,328,170
861,antenna,0.48,369,127,396,192
861,antenna,0.46,332,167,353,228
861,antenna,0.43,281,211,302,271
862,antenna,0.50,368,126,396,192
862,antenna,0.48,331,168,352,229
862,antenna,0.47,302,99,328,171
862,antenna,0.45,281,210,301,271
863,antenna,0.51,331,168,352,229
863,antenna,0.48,369,126,396,191
863,antenna,0.47,281,210,300,271
863,antenna,0.41,303,100,328,171
864,antenna,0.49,331,168,352,229
864,antenna,0.47,368,124,396,192
864,antenna,0.44,280,211,300,272
864,antenna,0.37,302,100,330,172
865,antenna,0.48,331,169,352,229
865,antenna,0.46,369,124,396,193
865,antenna,0.46,280,210,300,272
865,antenna,0.35,302,101,330,173
866,antenna,0.49,331,169,352,229
866,antenna,0.48,280,210,299,272
866,antenna,0.44,370,127,398,192
866,antenna,0.33,303,101,330,172
867,antenna,0.49,279,210,299,272
867,antenna,0.46,331,169,352,230
867,antenna,0.45,369,128,398,192
867,antenna,0.35,303,102,330,173
868,antenna,0.50,279,211,299,272
868,antenna,0.46,370,128,398,193
868,antenna,0.45,330,169,351,231
868,antenna,0.38,303,101,329,173
869,antenna,0.52,279,212,298,271
869,antenna,0.46,331,170,351,231
869,antenna,0.43,370,129,398,193
869,antenna,0.39,304,102,329,172
870,antenna,0.52,278,211,298,271
870,antenna,0.43,370,128,398,194
870,antenna,0.41,330,170,351,232
870,antenna,0.35,305,101,328,173
871,antenna,0.55,277,212,298,272
871,antenna,0.43,369,128,398,194
871,antenna,0.37,330,171,351,232
871,antenna,0.33,306,101,328,174
872,antenna,0.57,277,212,298,272
872,antenna,0.40,373,131,398,194
872,antenna,0.38,331,172,350,231
872,antenna,0.31,308,101,328,173
873,antenna,0.56,276,212,298,272
873,antenna,0.41,373,132,399,195
873,antenna,0.36,330,172,350,232
874,antenna,0.57,276,212,298,273
874,antenna,0.42,373,131,399,195
874,antenna,0.37,330,172,350,232
875,antenna,0.57,276,212,297,272
875,antenna,0.44,373,132,399,196
875,antenna,0.38,330,172,349,232
876,antenna,0.56,275,212,296,273
876,antenna,0.45,373,132,399,197
876,antenna,0.38,328,173,351,232
877,antenna,0.54,275,213,296,273
877,antenna,0.45,373,133,399,197
877,antenna,0.39,329,173,350,232
877,antenna,0.31,307,103,330,174
878,antenna,0.53,276,214,295,273
878,antenna,0.45,373,134,399,197
878,antenna,0.41,329,174,350,231
878,antenna,0.35,307,104,330,174
879,antenna,0.47,275,214,295,272
879,antenna,0.45,372,133,399,197
879,antenna,0.41,329,174,350,233
879,antenna,0.34,307,104,330,174
880,antenna,0.46,373,132,399,198
880,antenna,0.44,274,215,294,271
880,antenna,0.41,328,173,349,233
880,antenna,0.32,307,104,330,175
881,antenna,0.47,373,133,398,198
881,antenna,0.47,274,215,294,271
881,antenna,0.43,328,173,349,233
881,antenna,0.31,307,104,330,175
882,antenna,0.47,370,131,397,199
882,antenna,0.44,274,215,294,270
882,antenna,0.40,328,173,349,233
883,antenna,0.48,370,131,397,199
883,antenna,0.42,273,215,293,270
883,antenna,0.41,327,174,349,233
883,antenna,0.34,245,209,268,265
884,antenna,0.49,370,133,397,199
884,antenna,0.47,326,173,348,233
884,antenna,0.43,273,215,293,270
884,antenna,0.41,244,209,267,265
884,antenna,0.30,308,104,332,177
885,antenna,0.50,370,132,397,200
885,antenna,0.46,326,172,348,234
885,antenna,0.40,244,210,267,265
885,antenna,0.39,272,215,292,270
886,antenna,0.50,371,132,397,199
886,antenna,0.48,271,214,291,272
886,antenna,0.46,326,173,347,234
886,antenna,0.42,244,210,266,265
886,antenna,0.33,308,105,332,179
887,antenna,0.50,370,132,397,200
887,antenna,0.49,269,214,290,271
887,antenna,0.43,326,173,347,234
887,antenna,0.35,242,209,265,267
887,antenna,0.33,307,105,332,179
888,antenna,0.49,370,131,397,201
888,antenna,0.49,268,214,290,272
888,antenna,0.40,325,175,346,234
888,antenna,0.34,241,208,265,266
888,antenna,0.34,307,105,331,178
889,antenna,0.51,267,214,290,272
889,antenna,0.47,371,133,396,201
889,antenna,0.42,325,175,345,233
889,antenna,0.40,241,209,265,266
889,antenna,0.36,308,105,332,178
890,antenna,0.46,371,132,396,201
890,antenna,0.44,266,214,289,273
890,antenna,0.42,325,176,345,233
890,antenna,0.35,240,208,264,265
890,antenna,0.35,307,106,331,179
891,antenna,0.45,371,132,396,202
891,antenna,0.43,266,214,289,273
891,antenna,0.42,325,176,345,234
891,antenna,0.35,307,106,331,179
891,antenna,0.34,239,208,263,265
892,antenna,0.47,324,176,344,233
892,antenna,0.44,371,132,396,202
892,antenna,0.41,266,214,289,273
892,antenna,0.40,239,208,263,264
892,antenna,0.36,307,105,331,179
893,antenna,0.48,324,176,344,234
893,antenna,0.47,371,131,396,202
893,antenna,0.37,238,208,262,264
893,antenna,0.35,307,105,331,179
893,antenna,0.31,266,214,288,273
894,antenna,0.50,322,176,344,235
894,antenna,0.48,371,131,396,203
894,antenna,0.39,238,208,262,263
894,antenna,0.34,307,106,331,179
895,antenna,0.52,322,176,344,234
895,antenna,0.48,371,132,396,202
895,antenna,0.46,237,207,261,263
895,antenna,0.34,307,105,332,179
895,antenna,0.34,264,214,287,271
896,antenna,0.50,321,176,344,235
896,antenna,0.49,370,132,396,203
896,antenna,0.46,237,207,261,263
896,antenna,0.33,307,105,331,179
896,antenna,0.31,264,215,286,271
897,antenna,0.48,370,132,396,203
897,antenna,0.46,321,176,343,235
897,antenna,0.42,237,207,261,263
897,antenna,0.34,307,105,331,179
898,antenna,0.48,370,133,395,203
898,antenna,0.48,321,176,342,235
898,antenna,0.41,236,206,261,264
898,antenna,0.36,307,105,331,180
898,antenna,0.32,262,214,286,270
899,antenna,0.48,370,132,395,204
899,antenna,0.47,321,176,342,235
899,antenna,0.37,236,206,260,262
899,antenna,0.37,307,105,331,179
899,antenna,0.31,261,213,284,272
900,antenna,0.48,370,133,395,204
900,antenna,0.47,321,176,342,235
900,antenna,0.39,235,206,260,262
900,antenna,0.39,261,213,283,272
900,antenna,0.36,307,105,331,178
901,antenna,0.50,370,133,395,204
901,antenna,0.48,235,205,260,263
901,antenna,0.46,321,177,341,235
901,antenna,0.41,261,214,282,272
901,antenna,0.35,307,105,331,177
902,antenna,0.49,370,133,395,205
902,antenna,0.43,320,177,341,235
902,antenna,0.38,259,214,282,272
902,antenna,0.36,234,205,260,262
902,antenna,0.32,306,105,331,178
903,antenna,0.49,370,134,395,205
903,antenna,0.40,320,177,341,235
903,antenna,0.35,259,214,282,272
903,antenna,0.31,306,105,331,177
904,antenna,0.49,370,135,395,205
904,antenna,0.41,320,177,340,235
904,antenna,0.38,258,214,282,272
904,antenna,0.32,306,105,331,177
905,antenna,0.49,370,134,395,206
905,antenna,0.40,319,177,340,235
905,antenna,0.32,257,214,282,272
905,antenna,0.30,306,105,331,178
906,antenna,0.47,370,136,395,205
906,antenna,0.42,317,177,341,237
906,antenna,0.30,306,105,331,178
907,antenna,0.47,371,137,395,205
907,antenna,0.43,317,177,339,237
907,antenna,0.31,306,105,331,178
908,antenna,0.47,370,136,395,205
908,antenna,0.42,317,177,339,237
908,antenna,0.30,306,105,332,178
909,antenna,0.47,370,137,395,205
909,antenna,0.40,316,178,339,237
910,antenna,0.47,371,137,395,205
910,antenna,0.38,316,178,338,236
910,antenna,0.31,306,105,332,178
911,antenna,0.46,371,136,395,205
911,antenna,0.37,315,178,338,237
911,antenna,0.30,306,105,332,176
912,antenna,0.46,371,136,395,205
912,antenna,0.38,316,177,337,237
912,antenna,0.32,306,105,332,175
913,antenna,0.45,372,137,395,205
913,antenna,0.37,316,177,336,236
913,antenna,0.34,306,105,332,175
914,antenna,0.45,372,136,395,205
914,antenna,0.38,316,177,337,237
914,antenna,0.32,307,105,332,175
915,antenna,0.45,371,136,395,206
915,antenna,0.38,315,177,337,237
916,antenna,0.45,372,136,395,206
916,antenna,0.41,315,177,337,237
916,antenna,0.33,231,133,258,203
916,antenna,0.33,308,105,332,174
916,antenna,0.32,247,209,277,271
917,antenna,0.45,372,136,395,206
917,antenna,0.38,315,177,336,237
917,antenna,0.33,231,133,258,203
917,antenna,0.31,308,105,332,174
918,antenna,0.44,372,136,395,206
918,antenna,0.37,314,177,336,236
918,antenna,0.32,231,134,258,203
919,antenna,0.45,372,136,395,206
919,antenna,0.40,314,177,336,236
919,antenna,0.34,231,133,259,203
920,antenna,0.45,372,136,395,206
920,antenna,0.36,313,176,336,235
920,antenna,0.34,230,134,260,203
921,antenna,0.45,372,135,395,206
921,antenna,0.36,312,177,336,235
921,antenna,0.33,230,133,261,204
922,antenna,0.46,372,136,395,206
922,antenna,0.40,312,177,336,234
922,antenna,0.35,230,133,261,204
923,antenna,0.46,372,135,395,206
923,antenna,0.37,312,176,336,235
923,antenna,0.33,229,132,261,204
924,antenna,0.47,372,135,395,206
924,antenna,0.37,311,176,336,234
924,antenna,0.33,229,131,260,206
925,antenna,0.48,372,136,395,206
925,antenna,0.37,312,176,335,234
925,antenna,0.33,229,130,261,206
925,antenna,0.32,307,103,334,171
926,antenna,0.48,372,136,395,206
926,antenna,0.33,229,129,261,207
926,antenna,0.33,312,176,335,234
927,antenna,0.48,372,136,395,206
927,antenna,0.37,228,128,261,207
927,antenna,0.32,312,175,334,234
928,antenna,0.48,372,136,395,206
928,antenna,0.37,229,127,259,209
928,antenna,0.33,312,175,334,234
929,antenna,0.47,372,136,395,206
929,antenna,0.37,228,127,260,212
930,antenna,0.47,372,136,395,207
930,antenna,0.39,228,127,260,210
931,antenna,0.47,372,136,395,207
931,antenna,0.40,229,127,260,208
932,antenna,0.47,372,136,395,207
932,antenna,0.39,228,127,261,210
933,antenna,0.47,372,135,395,207
933,antenna,0.40,228,127,261,208
934,antenna,0.47,372,135,395,207
934,antenna,0.41,229,127,261,206
935,antenna,0.47,372,135,395,207
935,antenna,0.41,229,127,261,207
936,antenna,0.47,372,135,395,208
936,antenna,0.40,229,127,261,209
936,antenna,0.33,309,172,330,234
936,antenna,0.30,219,191,246,253
937,antenna,0.47,372,135,395,208
937,antenna,0.38,229,127,261,211
937,antenna,0.37,310,172,330,234
937,antenna,0.35,219,190,246,251
938,antenna,0.47,372,135,395,208
938,antenna,0.39,229,126,262,208
938,antenna,0.35,309,173,330,235
939,antenna,0.47,372,135,395,208
939,antenna,0.40,229,126,262,207
939,antenna,0.31,309,172,330,235
940,antenna,0.47,372,135,395,208
940,antenna,0.38,229,126,262,207
940,antenna,0.33,309,173,330,234
941,antenna,0.46,372,136,395,208
941,antenna,0.37,229,126,262,207
941,antenna,0.36,309,173,330,234
942,antenna,0.46,372,136,395,208
942,antenna,0.37,309,173,329,234
942,antenna,0.37,228,125,264,206
943,antenna,0.46,372,136,395,208
943,antenna,0.37,228,126,264,203
943,antenna,0.36,309,173,329,232
944,antenna,0.46,372,136,395,209
944,antenna,0.37,227,126,264,203
944,antenna,0.36,308,172,330,232
945,antenna,0.46,372,137,395,209
945,antenna,0.37,307,173,330,232
945,antenna,0.36,227,125,263,202
946,antenna,0.47,372,137,395,209
946,antenna,0.38,307,173,330,232
946,antenna,0.37,227,124,263,201
947,antenna,0.46,372,136,395,209
947,antenna,0.36,306,172,330,231
947,antenna,0.35,227,123,263,201
948,antenna,0.47,372,138,395,209
948,antenna,0.34,306,172,330,231
948,antenna,0.34,227,122,264,201
949,antenna,0.47,372,138,395,209
949,antenna,0.35,306,172,329,231
949,antenna,0.33,226,121,265,202
950,antenna,0.47,372,137,395,209
950,antenna,0.34,306,172,328,231
950,antenna,0.31,226,120,265,203
951,antenna,0.46,372,137,395,209
951,antenna,0.32,305,172,328,230
951,antenna,0.31,226,120,265,201
952,antenna,0.45,372,137,395,209
952,antenna,0.36,305,172,328,230
952,antenna,0.34,227,118,264,200
953,antenna,0.45,372,136,395,209
953,antenna,0.34,226,119,264,194
953,antenna,0.32,305,171,327,230
954,antenna,0.44,372,136,394,209
954,antenna,0.35,226,119,264,193
954,antenna,0.32,305,171,327,230
955,antenna,0.44,372,135,394,209
955,antenna,0.38,226,118,263,194
955,antenna,0.31,228,191,259,257
955,antenna,0.30,305,171,327,229
956,antenna,0.44,372,135,394,209
956,antenna,0.36,226,117,264,193
957,antenna,0.43,372,134,395,209
957,antenna,0.34,225,117,265,192
957,antenna,0.30,305,169,327,231
958,antenna,0.44,372,134,394,209
958,antenna,0.35,226,117,264,191
958,antenna,0.32,305,170,326,230
959,antenna,0.43,372,133,395,209
959,antenna,0.35,225,116,264,191
960,antenna,0.43,372,133,395,209
960,antenna,0.35,226,116,264,190
961,antenna,0.44,372,134,395,209
961,antenna,0.38,228,188,258,253
961,antenna,0.35,226,116,265,189
962,antenna,0.43,372,133,395,209
962,antenna,0.33,226,116,265,190
963,antenna,0.43,373,132,395,209
963,antenna,0.34,226,115,266,190
964,antenna,0.44,373,133,395,209
964,antenna,0.33,226,114,266,189
965,antenna,0.42,373,131,395,209
965,antenna,0.31,226,113,266,189
966,antenna,0.43,372,129,396,209
966,antenna,0.30,226,112,266,189
967,antenna,0.44,372,129,396,209
967,antenna,0.34,226,111,265,188
968,antenna,0.45,372,128,396,208
968,antenna,0.35,216,179,255,250
968,antenna,0.32,226,110,266,188
969,antenna,0.46,372,127,396,208
969,antenna,0.37,216,179,255,249
969,antenna,0.33,226,110,266,188
970,antenna,0.47,372,127,396,208
970,antenna,0.39,216,179,255,248
970,antenna,0.36,226,108,266,189
971,antenna,0.48,372,127,397,208
971,antenna,0.37,215,178,254,248
971,antenna,0.34,226,106,266,191
971,antenna,0.32,316,88,344,168
972,antenna,0.50,372,126,397,208
972,antenna,0.37,317,88,343,169
972,antenna,0.35,216,178,254,248
972,antenna,0.34,226,106,267,190
973,antenna,0.50,372,126,396,208
973,antenna,0.39,217,177,253,246
973,antenna,0.39,318,88,343,169
973,antenna,0.31,226,108,266,185
974,antenna,0.51,372,125,397,208
974,antenna,0.38,317,87,344,168
974,antenna,0.34,217,176,253,246
974,antenna,0.32,226,107,267,184
975,antenna,0.49,372,125,396,207
975,antenna,0.36,226,106,267,185
975,antenna,0.35,217,175,253,246
975,antenna,0.34,317,87,344,167
976,antenna,0.49,372,126,396,207
976,antenna,0.39,218,175,252,244
976,antenna,0.38,226,104,267,184
976,antenna,0.38,317,87,344,164
977,antenna,0.49,372,126,396,207
977,antenna,0.39,227,103,270,183
977,antenna,0.37,317,86,344,164
977,antenna,0.31,217,175,251,244
978,antenna,0.50,372,125,396,207
978,antenna,0.42,228,102,270,183
978,antenna,0.38,317,87,344,163
978,antenna,0.34,217,173,251,242
979,antenna,0.49,372,126,396,207
979,antenna,0.45,228,102,270,182
979,antenna,0.41,317,86,345,162
979,antenna,0.34,218,172,250,241
980,antenna,0.49,371,125,396,207
980,antenna,0.46,227,101,271,182
980,antenna,0.39,317,86,345,162
980,antenna,0.32,218,171,249,241
981,antenna,0.48,371,125,396,207
981,antenna,0.48,227,100,271,182
981,antenna,0.36,317,86,345,159
981,antenna,0.33,218,171,248,241
982,antenna,0.48,371,125,396,207
982,antenna,0.46,227,99,271,182
982,antenna,0.37,317,85,344,158
982,antenna,0.35,217,170,248,240
983,antenna,0.48,371,125,396,207
983,antenna,0.46,227,99,271,182
983,antenna,0.36,317,85,345,159
983,antenna,0.33,217,169,248,240
984,antenna,0.48,371,125,396,207
984,antenna,0.44,227,98,270,181
984,antenna,0.35,318,85,344,159
984,antenna,0.34,217,169,247,239
985,antenna,0.49,371,126,395,207
985,antenna,0.45,225,99,266,180
985,antenna,0.35,318,84,344,158
985,antenna,0.34,210,167,245,238
986,antenna,0.49,370,127,395,207
986,antenna,0.43,225,98,266,178
986,antenna,0.33,317,85,344,158
986,antenna,0.32,208,167,247,240
987,antenna,0.48,370,127,395,207
987,antenna,0.42,227,96,271,179
987,antenna,0.38,208,166,247,239
987,antenna,0.36,317,84,344,158
988,antenna,0.49,370,128,395,207
988,antenna,0.44,228,95,271,179
988,antenna,0.43,208,167,246,238
988,antenna,0.39,317,84,344,158
988,antenna,0.30,224,97,259,176
989,antenna,0.47,370,128,394,207
989,antenna,0.44,228,95,271,179
989,antenna,0.41,209,166,244,237
989,antenna,0.38,318,83,344,157
990,antenna,0.46,369,129,394,207
990,antenna,0.45,227,94,271,179
990,antenna,0.41,209,164,244,236
990,antenna,0.37,318,83,344,157
991,antenna,0.46,227,94,271,178
991,antenna,0.46,369,131,394,207
991,antenna,0.36,317,82,344,156
991,antenna,0.36,207,162,244,235
991,antenna,0.31,224,95,259,175
992,antenna,0.45,368,132,394,206
992,antenna,0.45,227,94,270,177
992,antenna,0.34,292,154,315,223
992,antenna,0.34,318,82,343,157
992,antenna,0.33,225,94,259,176
993,antenna,0.48,227,92,270,177
993,antenna,0.44,368,137,393,206
993,antenna,0.33,292,154,314,222
993,antenna,0.31,318,82,344,157
994,antenna,0.46,226,92,270,178
994,antenna,0.44,366,136,393,207
994,antenna,0.39,291,153,314,222
994,antenna,0.33,318,81,344,159
995,antenna,0.46,366,135,393,207
995,antenna,0.43,226,92,269,178
995,antenna,0.37,291,153,313,221
995,antenna,0.35,318,81,344,159
996,antenna,0.47,226,91,269,178
996,antenna,0.46,366,131,393,207
996,antenna,0.37,290,152,314,220
996,antenna,0.35,316,80,344,159
997,antenna,0.48,365,130,392,207
997,antenna,0.44,226,89,268,179
997,antenna,0.42,289,151,314,220
997,antenna,0.37,316,79,345,160
998,antenna,0.50,365,131,391,207
998,antenna,0.49,289,151,313,219
998,antenna,0.40,225,89,270,182
998,antenna,0.38,317,80,344,160
998,antenna,0.32,197,153,242,232
999,antenna,0.50,365,131,392,207
999,antenna,0.45,225,88,270,181
999,antenna,0.44,289,152,312,218
999,antenna,0.38,315,78,344,159
1000,antenna,0.50,365,131,392,207
1000,antenna,0.48,225,88,269,181
1000,antenna,0.48,289,152,312,217
1000,antenna,0.40,316,79,344,162
1000,antenna,0.34,197,151,238,230
1001,antenna,0.51,365,131,391,207
1001,antenna,0.48,226,89,268,180
1001,antenna,0.46,289,153,311,218
1001,antenna,0.43,316,79,344,162
1001,antenna,0.37,198,150,238,231
1002,antenna,0.50,364,130,391,207
1002,antenna,0.49,226,89,268,178
1002,antenna,0.43,288,151,311,218
1002,antenna,0.42,317,79,344,163
1002,antenna,0.33,196,149,238,231
1003,antenna,0.51,364,129,391,208
1003,antenna,0.49,225,89,268,178
1003,antenna,0.44,287,150,310,218
1003,antenna,0.43,317,79,344,163
1004,antenna,0.51,364,130,390,208
1004,antenna,0.47,225,89,268,178
1004,antenna,0.44,286,147,309,219
1004,antenna,0.43,317,79,343,163
1004,antenna,0.32,196,150,239,229
1005,antenna,0.50,364,130,390,207
1005,antenna,0.47,286,146,308,219
1005,antenna,0.45,225,87,269,179
1005,antenna,0.41,317,79,343,163
1005,antenna,0.34,195,147,240,229
1006,antenna,0.50,363,130,389,207
1006,antenna,0.49,286,146,308,219
1006,antenna,0.47,225,88,269,178
1006,antenna,0.40,316,78,343,162
1006,antenna,0.32,195,147,240,230
1007,antenna,0.51,364,128,389,207
1007,antenna,0.50,286,147,307,218
1007,antenna,0.48,225,87,268,179
1007,antenna,0.42,316,78,343,161
1007,antenna,0.35,196,147,237,230
1008,antenna,0.52,363,128,388,207
1008,antenna,0.51,285,146,307,218
1008,antenna,0.47,224,86,268,177
1008,antenna,0.40,315,78,343,159
1009,antenna,0.53,362,128,388,207
1009,antenna,0.49,285,146,307,218
1009,antenna,0.49,224,85,268,177
1009,antenna,0.42,316,78,342,162
1010,antenna,0.54,362,127,388,207
1010,antenna,0.50,284,147,307,217
1010,antenna,0.50,222,86,265,176
1010,antenna,0.43,316,78,342,161
1011,antenna,0.53,362,125,388,208
1011,antenna,0.51,283,145,307,217
1011,antenna,0.49,222,85,265,175
1011,antenna,0.41,316,78,342,162
1012,antenna,0.54,281,143,307,218
1012,antenna,0.54,361,128,388,208
1012,antenna,0.48,222,86,265,175
1012,antenna,0.41,317,78,341,163
1013,antenna,0.55,281,143,307,217
1013,antenna,0.54,360,127,387,207
1013,antenna,0.47,222,85,265,176
1013,antenna,0.41,317,78,341,163
1014,antenna,0.54,280,142,306,218
1014,antenna,0.53,360,127,388,208
1014,antenna,0.47,222,84,266,176
1014,antenna,0.39,317,78,342,163
1015,antenna,0.53,280,142,306,217
1015,antenna,0.53,359,126,388,208
1015,antenna,0.44,221,84,266,176
1015,antenna,0.38,317,78,341,163
1016,antenna,0.52,280,142,305,217
1016,antenna,0.52,358,126,388,207
1016,antenna,0.49,222,84,266,176
1016,antenna,0.40,317,78,341,163
1017,antenna,0.51,358,126,388,208
1017,antenna,0.51,280,143,304,216
1017,antenna,0.49,222,84,266,176
1017,antenna,0.38,317,77,342,158
1018,antenna,0.51,279,142,304,216
1018,antenna,0.50,221,83,265,175
1018,antenna,0.48,358,124,388,208
1018,antenna,0.38,316,77,342,157
1018,antenna,0.32,191,139,229,228
1019,antenna,0.51,221,82,265,175
1019,antenna,0.51,279,142,304,216
1019,antenna,0.47,357,126,387,206
1019,antenna,0.39,316,77,342,156
1019,antenna,0.38,190,137,231,226
1020,antenna,0.56,221,81,264,174
1020,antenna,0.51,279,142,303,216
1020,antenna,0.46,357,126,387,206
1020,antenna,0.36,316,77,342,157
1020,antenna,0.35,190,137,231,226
1021,antenna,0.56,221,81,265,175
1021,antenna,0.52,278,142,303,216
1021,antenna,0.47,357,126,387,206
1021,antenna,0.36,189,133,231,226
1021,antenna,0.35,316,76,342,157
1022,antenna,0.57,221,81,264,175
1022,antenna,0.53,278,143,302,215
1022,antenna,0.47,357,126,386,207
1022,antenna,0.36,189,134,231,224
1022,antenna,0.35,316,77,341,161
1023,antenna,0.56,221,80,265,174
1023,antenna,0.54,277,141,302,216
1023,antenna,0.48,357,126,386,207
1023,antenna,0.36,316,76,342,161
1023,antenna,0.35,189,137,231,223
1024,antenna,0.57,221,80,265,175
1024,antenna,0.53,277,141,302,216
1024,antenna,0.48,357,127,386,207
1024,antenna,0.37,190,140,232,222
1024,antenna,0.36,316,76,342,161
1025,antenna,0.56,221,80,265,175
1025,antenna,0.52,277,142,301,215
1025,antenna,0.50,357,130,385,207
1025,antenna,0.40,189,139,231,223
1025,antenna,0.36,317,76,342,160
1026,antenna,0.56,221,79,265,176
1026,antenna,0.51,277,141,300,215
1026,antenna,0.50,357,130,386,207
1026,antenna,0.35,189,141,229,222
1026,antenna,0.35,317,75,342,160
1027,antenna,0.56,222,79,265,177
1027,antenna,0.53,277,141,300,215
1027,antenna,0.49,357,130,385,208
1027,antenna,0.35,188,140,229,223
1027,antenna,0.34,317,75,342,161
1028,antenna,0.57,222,79,265,177
1028,antenna,0.56,276,140,299,214
1028,antenna,0.49,357,131,385,208
1028,antenna,0.35,188,140,229,222
1028,antenna,0.34,317,75,342,161
1029,antenna,0.57,276,139,300,215
1029,antenna,0.56,222,77,265,178
1029,antenna,0.48,357,132,384,208
1029,antenna,0.33,317,75,342,160
1030,antenna,0.57,275,140,299,215
1030,antenna,0.55,222,77,266,179
1030,antenna,0.47,357,131,384,208
1030,antenna,0.31,317,75,342,161
1031,antenna,0.58,275,140,299,214
1031,antenna,0.54,222,77,265,178
1031,antenna,0.48,357,133,384,208
1031,antenna,0.31,317,75,343,161
1032,antenna,0.58,274,140,300,213
1032,antenna,0.53,222,76,265,177
1032,antenna,0.48,356,133,383,208
1033,antenna,0.58,273,141,300,212
1033,antenna,0.51,222,75,265,176
1033,antenna,0.48,356,130,383,209
1033,antenna,0.31,181,133,227,223
1034,antenna,0.59,273,141,299,212
1034,antenna,0.53,222,75,264,178
1034,antenna,0.48,356,129,382,209
1034,antenna,0.34,182,133,226,223
1035,antenna,0.58,272,140,299,212
1035,antenna,0.49,356,127,382,209
1035,antenna,0.48,222,75,265,178
1035,antenna,0.31,182,125,226,223
1036,antenna,0.57,272,139,298,211
1036,antenna,0.50,355,125,381,210
1036,antenna,0.48,222,74,264,179
1036,antenna,0.34,181,119,227,223
1037,antenna,0.56,271,138,298,211
1037,antenna,0.51,355,126,380,210
1037,antenna,0.50,222,75,264,174
1037,antenna,0.35,183,126,224,221
1038,antenna,0.55,271,138,299,211
1038,antenna,0.51,355,125,381,210
1038,antenna,0.50,222,74,264,174
1038,antenna,0.37,182,122,225,221
1039,antenna,0.54,271,139,298,211
1039,antenna,0.53,222,73,264,174
1039,antenna,0.51,355,124,380,209
1039,antenna,0.38,181,121,226,220
1040,antenna,0.54,222,72,263,173
1040,antenna,0.51,271,140,296,209
1040,antenna,0.47,354,126,378,208
1040,antenna,0.39,181,127,225,219
1041,antenna,0.53,222,72,264,173
1041,antenna,0.51,270,140,297,209
1041,antenna,0.44,354,124,379,208
1041,antenna,0.36,181,128,224,219
1042,antenna,0.53,222,72,264,172
1042,antenna,0.47,270,139,296,210
1042,antenna,0.43,353,124,378,208
1042,antenna,0.39,180,128,223,218
1043,antenna,0.52,222,72,263,171
1043,antenna,0.48,270,138,295,210
1043,antenna,0.42,353,125,377,208
1043,antenna,0.40,180,127,223,217
1044,antenna,0.48,221,71,264,171
1044,antenna,0.47,270,136,293,211
1044,antenna,0.40,352,124,377,208
1044,antenna,0.39,179,125,223,217
1045,antenna,0.48,221,70,264,172
1045,antenna,0.47,269,134,294,211
1045,antenna,0.41,180,128,222,215
1045,antenna,0.40,352,124,377,207
1046,antenna,0.51,221,69,263,172
1046,antenna,0.47,269,133,294,210
1046,antenna,0.46,180,128,222,214
1046,antenna,0.40,351,127,377,207
1047,antenna,0.52,221,69,264,172
1047,antenna,0.50,268,133,294,209
1047,antenna,0.46,179,128,224,214
1047,antenna,0.39,351,127,377,207
1048,antenna,0.54,221,68,264,171
1048,antenna,0.52,267,133,294,209
1048,antenna,0.41,179,129,223,213
1048,antenna,0.39,351,129,376,207
1049,antenna,0.56,267,134,293,209
1049,antenna,0.53,221,68,264,170
1049,antenna,0.39,351,129,375,208
1049,antenna,0.36,179,127,223,213
1050,antenna,0.55,266,135,292,208
1050,antenna,0.51,221,68,264,169
1050,antenna,0.40,351,127,375,208
1050,antenna,0.34,178,125,223,213
1051,antenna,0.57,265,133,292,208
1051,antenna,0.49,221,68,264,168
1051,antenna,0.40,351,128,375,209
1051,antenna,0.33,178,126,221,215
1052,antenna,0.55,265,133,291,208
1052,antenna,0.49,221,68,264,168
1052,antenna,0.40,350,130,374,209
1052,antenna,0.37,176,125,219,215
1053,antenna,0.53,264,132,291,208
1053,antenna,0.48,220,69,265,165
1053,antenna,0.41,349,132,372,208
1053,antenna,0.41,175,124,219,215
1054,antenna,0.50,221,68,263,167
1054,antenna,0.50,263,132,291,209
1054,antenna,0.45,348,132,372,208
1054,antenna,0.44,175,126,218,214
1055,antenna,0.54,221,68,263,168
1055,antenna,0.47,347,133,371,208
1055,antenna,0.45,262,133,291,209
1055,antenna,0.44,175,125,217,214
1056,antenna,0.53,220,68,264,168
1056,antenna,0.46,347,133,371,207
1056,antenna,0.45,175,121,215,214
1056,antenna,0.45,262,133,291,209
1057,antenna,0.55,219,68,264,164
1057,antenna,0.48,261,134,291,209
1057,antenna,0.47,174,120,215,214
1057,antenna,0.46,346,133,372,208
1058,antenna,0.57,219,68,264,165
1058,antenna,0.49,261,134,291,208
1058,antenna,0.46,345,134,371,208
1058,antenna,0.46,174,120,215,212
1059,antenna,0.55,219,67,264,165
1059,antenna,0.49,261,134,290,208
1059,antenna,0.45,345,135,371,208
1059,antenna,0.44,172,120,215,212
1060,antenna,0.57,219,66,264,166
1060,antenna,0.46,261,134,289,208
1060,antenna,0.46,172,120,215,209
1060,antenna,0.44,345,135,370,208
1061,antenna,0.58,219,66,263,166
1061,antenna,0.48,172,120,216,208
1061,antenna,0.47,260,135,287,207
1061,antenna,0.42,344,134,370,209
1062,antenna,0.55,219,65,263,167
1062,antenna,0.48,172,119,216,209
1062,antenna,0.42,260,136,286,207
1062,antenna,0.41,344,134,369,207
1063,antenna,0.57,219,65,263,166
1063,antenna,0.47,171,119,215,209
1063,antenna,0.43,260,136,286,207
1063,antenna,0.43,343,135,369,207
1064,antenna,0.57,219,66,263,166
1064,antenna,0.49,172,121,214,207
1064,antenna,0.44,343,135,369,206
1064,antenna,0.44,259,137,287,206
1065,antenna,0.57,219,65,264,166
1065,antenna,0.48,172,122,214,207
1065,antenna,0.42,342,136,368,206
1065,antenna,0.39,256,137,286,207
1066,antenna,0.58,218,65,265,166
1066,antenna,0.46,171,121,214,207
1066,antenna,0.43,342,133,368,206
1066,antenna,0.40,255,137,285,207
1067,antenna,0.58,218,65,264,166
1067,antenna,0.47,171,121,214,207
1067,antenna,0.43,342,133,368,207
1067,antenna,0.41,254,137,285,207
1068,antenna,0.56,217,64,265,166
1068,antenna,0.47,171,121,214,207
1068,antenna,0.43,342,133,368,207
1068,antenna,0.40,254,137,286,205
1069,antenna,0.56,217,64,265,166
1069,antenna,0.46,341,132,369,208
1069,antenna,0.45,171,121,213,207
1069,antenna,0.42,254,137,285,205
1070,antenna,0.56,217,64,265,167
1070,antenna,0.48,254,136,283,206
1070,antenna,0.45,171,120,213,206
1070,antenna,0.45,339,134,365,208
1071,antenna,0.54,217,64,265,166
1071,antenna,0.47,254,137,283,206
1071,antenna,0.45,339,134,364,208
1071,antenna,0.43,168,116,211,209
1072,antenna,0.52,217,63,265,165
1072,antenna,0.45,340,135,362,208
1072,antenna,0.44,168,116,210,208
1072,antenna,0.44,254,137,282,206
1073,antenna,0.52,217,63,264,165
1073,antenna,0.47,254,137,281,205
1073,antenna,0.47,168,118,209,208
1073,antenna,0.44,339,136,362,208
1073,antenna,0.32,270,50,290,127
1074,antenna,0.48,217,63,264,166
1074,antenna,0.45,253,137,281,206
1074,antenna,0.43,339,138,361,208
1074,antenna,0.41,168,120,208,208
1074,antenna,0.33,270,49,291,127
1075,antenna,0.45,217,63,264,166
1075,antenna,0.42,339,138,359,208
1075,antenna,0.41,169,122,208,207
1075,antenna,0.39,253,137,279,204
1075,antenna,0.36,270,49,291,126
1075,antenna,0.31,357,123,377,203
1076,antenna,0.44,217,63,264,165
1076,antenna,0.43,339,138,359,208
1076,antenna,0.41,168,122,208,206
1076,antenna,0.39,270,48,291,126
1076,antenna,0.38,253,137,278,204
1076,antenna,0.32,357,123,376,203
1077,antenna,0.43,339,138,358,208
1077,antenna,0.42,217,62,264,165
1077,antenna,0.41,168,122,208,206
1077,antenna,0.39,270,48,291,127
1077,antenna,0.37,252,137,279,205
1077,antenna,0.31,357,124,377,205
1078,antenna,0.43,338,138,358,208
1078,antenna,0.42,168,122,208,205
1078,antenna,0.41,218,62,264,164
1078,antenna,0.39,270,47,292,127
1078,antenna,0.39,252,137,279,204
1078,antenna,0.32,358,125,376,204
1079,antenna,0.46,167,123,208,205
1079,antenna,0.43,338,138,357,209
1079,antenna,0.40,218,61,259,164
1079,antenna,0.40,252,136,279,204
1079,antenna,0.39,270,47,292,127
1079,antenna,0.31,358,125,376,204
1080,antenna,0.42,167,121,208,205
1080,antenna,0.42,338,138,357,210
1080,antenna,0.37,218,62,263,165
1080,antenna,0.37,271,47,292,128
1080,antenna,0.37,250,136,280,204
1081,antenna,0.41,166,120,208,204
1081,antenna,0.40,338,137,356,211
1081,antenna,0.38,218,62,264,166
1081,antenna,0.37,271,48,292,127
1081,antenna,0.34,249,136,280,204
1082,antenna,0.44,167,116,207,202
1082,antenna,0.42,219,62,264,166
1082,antenna,0.39,337,137,356,210
1082,antenna,0.37,272,49,293,127
1082,antenna,0.36,250,137,278,204
1083,antenna,0.45,166,115,208,202
1083,antenna,0.41,218,62,264,167
1083,antenna,0.37,337,137,356,210
1083,antenna,0.36,249,136,278,204
1083,antenna,0.34,272,50,293,127
1084,antenna,0.45,218,62,265,167
1084,antenna,0.45,166,121,209,202
1084,antenna,0.35,337,138,355,210
1084,antenna,0.34,247,133,279,204
1084,antenna,0.32,272,49,293,127
1085,antenna,0.49,167,119,207,200
1085,antenna,0.44,218,61,265,166
1085,antenna,0.38,335,141,354,209
1085,antenna,0.37,244,131,278,203
1085,antenna,0.34,272,49,293,126
1086,antenna,0.50,166,119,207,200
1086,antenna,0.38,335,142,354,210
1086,antenna,0.38,217,61,266,168
1086,antenna,0.36,240,89,278,203
1086,antenna,0.30,272,48,294,127
1087,antenna,0.50,166,116,207,200
1087,antenna,0.39,335,142,354,211
1087,antenna,0.38,239,75,278,203
1087,antenna,0.33,217,60,267,169
1088,antenna,0.54,165,115,206,198
1088,antenna,0.42,334,141,354,213
1088,antenna,0.38,240,91,277,202
1088,antenna,0.33,218,58,259,168
1089,antenna,0.54,165,113,206,199
1089,antenna,0.45,334,142,353,214
1089,antenna,0.39,240,83,277,203
1089,antenna,0.32,217,57,259,168
1090,antenna,0.55,166,110,206,198
1090,antenna,0.47,333,142,353,214
1090,antenna,0.37,241,105,275,202
1090,antenna,0.33,218,56,259,169
1091,antenna,0.56,166,109,205,197
1091,antenna,0.47,333,142,352,214
1091,antenna,0.42,244,132,274,201
1091,antenna,0.36,217,57,259,168
1091,antenna,0.32,353,127,370,209
1092,antenna,0.56,166,109,205,197
1092,antenna,0.46,333,142,352,214
1092,antenna,0.38,242,123,273,201
1092,antenna,0.33,352,127,370,209
1092,antenna,0.32,238,84,272,200
1092,antenna,0.31,217,57,259,169
1093,antenna,0.54,166,112,206,196
1093,antenna,0.44,332,142,352,213
1093,antenna,0.42,244,133,274,199
1093,antenna,0.31,351,127,370,209
1093,antenna,0.31,218,58,259,167
1093,antenna,0.31,240,102,272,198
1094,antenna,0.56,167,113,205,196
1094,antenna,0.48,244,133,273,199
1094,antenna,0.44,332,143,352,213
1094,antenna,0.34,218,58,259,166
1094,antenna,0.31,351,127,370,209
1095,antenna,0.54,167,111,206,197
1095,antenna,0.45,243,131,275,199
1095,antenna,0.41,330,143,352,213
1095,antenna,0.33,239,97,273,199
1095,antenna,0.31,350,126,369,204
1096,antenna,0.56,168,108,206,195
1096,antenna,0.48,243,131,274,199
1096,antenna,0.42,330,143,352,213
1096,antenna,0.35,240,104,272,198
1096,antenna,0.33,349,126,369,203
1097,antenna,0.56,168,106,206,195
1097,antenna,0.47,241,122,273,200
1097,antenna,0.39,330,143,351,213
1097,antenna,0.36,239,93,272,199
1097,antenna,0.30,349,127,369,203
1098,antenna,0.55,168,108,206,193
1098,antenna,0.47,239,103,274,200
1098,antenna,0.37,330,141,351,213
1098,antenna,0.36,347,127,366,204
1099,antenna,0.56,168,111,204,192
1099,antenna,0.49,243,124,272,199
1099,antenna,0.40,348,128,366,204
1099,antenna,0.38,240,102,271,199
1099,antenna,0.37,329,143,349,214
1100,antenna,0.54,168,110,205,192
1100,antenna,0.48,239,96,273,200
1100,antenna,0.41,347,128,366,203
1100,antenna,0.35,330,141,350,213
1101,antenna,0.51,168,110,205,192
1101,antenna,0.50,238,80,272,201
1101,antenna,0.40,348,128,366,204
1101,antenna,0.34,330,141,348,213
1102,antenna,0.51,237,89,272,201
1102,antenna,0.50,168,112,205,191
1102,antenna,0.41,348,128,365,203
1102,antenna,0.35,329,142,347,213
1103,antenna,0.51,235,74,272,201
1103,antenna,0.48,167,109,205,191
1103,antenna,0.36,348,129,365,204
1103,antenna,0.33,329,141,347,213
1104,antenna,0.54,234,67,273,201
1104,antenna,0.47,167,109,205,191
1104,antenna,0.33,346,129,366,207
1104,antenna,0.33,329,141,347,213
1104,antenna,0.33,278,47,299,126
1105,antenna,0.56,235,81,272,200
1105,antenna,0.46,167,113,204,190
1105,antenna,0.37,328,142,346,213
1105,antenna,0.30,347,130,366,206
1106,antenna,0.54,233,68,273,201
1106,antenna,0.42,167,109,204,190
1106,antenna,0.38,326,143,346,213
1106,antenna,0.33,238,93,272,199
1106,antenna,0.30,278,47,300,125
1107,antenna,0.50,228,56,272,200
1107,antenna,0.41,326,143,346,214
1107,antenna,0.40,166,111,203,190
1108,antenna,0.52,227,55,272,200
1108,antenna,0.43,326,144,345,213
1108,antenna,0.41,167,114,203,190
1109,antenna,0.53,225,53,273,201
1109,antenna,0.40,325,145,345,213
1109,antenna,0.39,167,112,203,190
1109,antenna,0.30,345,130,364,211
1110,antenna,0.52,226,54,272,200
1110,antenna,0.42,166,108,203,190
1110,antenna,0.38,325,145,344,214
1110,antenna,0.31,345,130,363,210
1111,antenna,0.48,228,58,271,199
1111,antenna,0.44,325,145,344,214
1111,antenna,0.42,165,107,203,189
1111,antenna,0.32,345,130,363,209
1112,antenna,0.48,228,57,271,199
1112,antenna,0.40,326,146,343,214
1112,antenna,0.37,163,103,201,191
1113,antenna,0.44,233,91,270,199
1113,antenna,0.44,229,62,269,199
1113,antenna,0.40,325,146,343,214
1113,antenna,0.40,163,101,202,191
1114,antenna,0.48,234,108,269,198
1114,antenna,0.41,231,72,268,198
1114,antenna,0.40,163,102,201,191
1114,antenna,0.39,323,145,343,214
1115,antenna,0.48,234,114,269,197
1115,antenna,0.40,231,79,268,198
1115,antenna,0.39,163,101,202,191
1115,antenna,0.35,322,145,342,214
1116,antenna,0.48,234,115,268,197
1116,antenna,0.40,163,102,201,191
1116,antenna,0.40,231,79,267,198
1116,antenna,0.39,322,146,341,215
1116,antenna,0.32,339,133,359,206
1117,antenna,0.50,235,124,267,197
1117,antenna,0.43,166,105,202,189
1117,antenna,0.41,322,146,340,216
1117,antenna,0.37,233,101,266,197
1117,antenna,0.30,341,132,360,206
1118,antenna,0.50,234,121,267,197
1118,antenna,0.41,164,105,201,191
1118,antenna,0.41,322,147,339,216
1118,antenna,0.39,232,91,266,198
1118,antenna,0.30,341,133,359,207
1119,antenna,0.49,235,127,266,198
1119,antenna,0.41,321,147,339,217
1119,antenna,0.38,164,106,201,190
1119,antenna,0.31,341,133,359,209
1120,antenna,0.49,235,127,265,198
1120,antenna,0.41,164,107,200,190
1120,antenna,0.39,321,147,338,217
1120,antenna,0.32,340,133,359,208
1121,antenna,0.47,237,132,266,197
1121,antenna,0.38,320,147,338,218
1121,antenna,0.35,164,105,201,189
1121,antenna,0.32,233,112,264,197
1121,antenna,0.31,340,133,359,207
1122,antenna,0.49,237,133,265,198
1122,antenna,0.39,320,148,338,218
1122,antenna,0.33,164,104,201,189
1122,antenna,0.33,339,135,360,207
1123,antenna,0.53,237,132,263,198
1123,antenna,0.44,319,149,337,218
1123,antenna,0.34,339,135,360,208
1123,antenna,0.33,164,105,200,189
1124,antenna,0.54,237,132,262,198
1124,antenna,0.45,318,150,336,219
1124,antenna,0.31,340,135,359,210
1125,antenna,0.58,236,132,261,199
1125,antenna,0.44,318,150,336,219
1126,antenna,0.59,236,132,261,198
1126,antenna,0.45,318,151,336,219
1127,antenna,0.59,236,132,261,198
1127,antenna,0.43,317,151,335,220
1127,antenna,0.31,163,110,201,188
1128,antenna,0.60,235,132,261,198
1128,antenna,0.41,317,152,334,221
1128,antenna,0.33,163,113,200,187
1129,antenna,0.61,235,132,260,198
1129,antenna,0.43,316,152,334,221
1129,antenna,0.43,164,114,200,186
1130,antenna,0.61,235,132,260,198
1130,antenna,0.42,315,152,334,221
1130,antenna,0.41,163,112,200,186
1131,antenna,0.62,234,131,260,199
1131,antenna,0.43,164,112,200,187
1131,antenna,0.39,314,152,333,222
1132,antenna,0.63,234,131,260,199
1132,antenna,0.44,163,111,199,187
1132,antenna,0.39,313,152,333,223
1132,antenna,0.30,332,138,354,213
1133,antenna,0.64,234,131,260,200
1133,antenna,0.44,163,109,200,187
1133,antenna,0.39,312,150,334,222
1133,antenna,0.31,331,139,353,212
1134,antenna,0.63,233,130,260,200
1134,antenna,0.45,163,109,200,187
1134,antenna,0.40,312,152,334,223
1135,antenna,0.65,233,130,260,200
1135,antenna,0.46,163,110,200,186
1135,antenna,0.41,312,152,332,223
1136,antenna,0.64,233,130,260,201
1136,antenna,0.44,164,106,199,186
1136,antenna,0.41,312,152,331,224
1136,antenna,0.30,333,141,353,213
1137,antenna,0.63,232,130,260,201
1137,antenna,0.45,164,103,199,186
1137,antenna,0.41,312,153,331,224
1137,antenna,0.32,333,141,353,212
1138,antenna,0.63,232,130,260,201
1138,antenna,0.45,164,102,199,185
1138,antenna,0.40,311,153,331,224
1138,antenna,0.34,332,141,353,212
1139,antenna,0.61,231,130,261,201
1139,antenna,0.44,164,101,200,186
1139,antenna,0.38,311,154,331,225
1139,antenna,0.33,332,142,353,213
1140,antenna,0.59,231,130,260,201
1140,antenna,0.42,164,100,200,185
1140,antenna,0.38,310,157,329,224
1140,antenna,0.33,332,143,352,213
1141,antenna,0.59,231,130,260,201
1141,antenna,0.45,164,100,200,185
1141,antenna,0.43,309,157,328,224
1141,antenna,0.34,333,143,352,214
1142,antenna,0.56,230,129,259,201
1142,antenna,0.44,309,159,328,224
1142,antenna,0.44,164,101,200,185
1142,antenna,0.31,333,143,353,214
1143,antenna,0.55,230,129,259,200
1143,antenna,0.45,164,104,199,185
1143,antenna,0.41,308,159,327,224
1144,antenna,0.55,230,128,258,200
1144,antenna,0.46,164,104,199,184
1144,antenna,0.43,308,159,326,225
1145,antenna,0.54,230,128,258,200
1145,antenna,0.44,163,103,199,185
1145,antenna,0.41,308,158,327,225
1146,antenna,0.54,229,128,259,200
1146,antenna,0.45,163,104,199,184
1146,antenna,0.39,307,158,327,226
1147,antenna,0.55,229,129,258,200
1147,antenna,0.46,164,106,199,184
1147,antenna,0.38,306,157,325,227
1148,antenna,0.53,229,130,258,200
1148,antenna,0.45,164,107,199,184
1148,antenna,0.39,305,158,325,228
1149,antenna,0.53,229,130,258,200
1149,antenna,0.46,163,112,199,183
1149,antenna,0.39,305,158,324,227
1150,antenna,0.56,228,131,258,200
1150,antenna,0.47,164,109,199,183
1150,antenna,0.42,304,159,323,227
1151,antenna,0.55,228,131,258,201
1151,antenna,0.45,164,110,198,183
1151,antenna,0.42,304,159,323,229
1152,antenna,0.54,228,131,257,200
1152,antenna,0.44,164,110,198,184
1152,antenna,0.44,304,159,322,229
1153,antenna,0.53,228,132,256,200
1153,antenna,0.44,303,160,322,229
1153,antenna,0.44,164,109,198,183
1154,antenna,0.51,228,132,256,201
1154,antenna,0.43,164,107,198,183
1154,antenna,0.41,303,161,322,229
1155,antenna,0.48,228,132,255,201
1155,antenna,0.39,164,108,198,183
1155,antenna,0.38,303,162,321,229
1156,antenna,0.50,227,133,255,200
1156,antenna,0.41,165,106,198,183
1156,antenna,0.38,301,162,319,229
1157,antenna,0.52,227,133,254,200
1157,antenna,0.44,165,110,197,182
1157,antenna,0.39,301,162,319,229
1158,antenna,0.49,227,133,253,200
1158,antenna,0.42,165,109,197,182
1158,antenna,0.40,300,162,319,229
1159,antenna,0.49,227,132,253,200
1159,antenna,0.44,165,107,198,182
1159,antenna,0.41,300,163,318,229
1160,antenna,0.51,226,132,252,200
1160,antenna,0.45,165,108,197,181
1160,antenna,0.44,300,163,318,230
1161,antenna,0.49,225,131,251,200
1161,antenna,0.43,164,107,198,182
1161,antenna,0.43,299,163,318,230
1162,antenna,0.47,225,132,253,199
1162,antenna,0.41,164,106,198,182
1162,antenna,0.38,298,162,317,230
1163,antenna,0.49,225,133,253,199
1163,antenna,0.46,163,106,199,181
1163,antenna,0.40,297,161,316,230
1164,antenna,0.47,224,133,254,199
1164,antenna,0.47,163,105,199,181
1164,antenna,0.38,297,162,315,230
1165,antenna,0.47,162,105,199,180
1165,antenna,0.47,224,132,253,199
1165,antenna,0.38,296,162,315,230
1166,antenna,0.49,224,133,252,200
1166,antenna,0.48,163,105,199,179
1166,antenna,0.39,296,162,315,230
1167,antenna,0.48,223,132,251,200
1167,antenna,0.45,163,104,199,179
1167,antenna,0.42,296,162,314,230
1168,antenna,0.47,223,133,251,200
1168,antenna,0.45,295,163,314,230
1168,antenna,0.44,163,107,199,178
1169,antenna,0.50,223,133,251,199
1169,antenna,0.45,295,163,313,230
1169,antenna,0.44,163,105,199,177
1170,antenna,0.46,222,134,251,199
1170,antenna,0.39,163,104,200,178
1170,antenna,0.38,294,164,313,231
1171,antenna,0.44,222,134,251,199
1171,antenna,0.40,163,104,199,178
1171,antenna,0.39,293,164,312,231
1172,antenna,0.46,222,134,250,199
1172,antenna,0.40,163,105,199,177
1172,antenna,0.39,292,165,311,230
1173,antenna,0.45,222,134,250,198
1173,antenna,0.40,291,164,310,230
1173,antenna,0.36,164,104,198,177
1174,antenna,0.46,222,134,249,198
1174,antenna,0.45,291,164,310,230
1174,antenna,0.35,164,104,198,177
1175,antenna,0.50,222,135,248,198
1175,antenna,0.48,291,164,310,230
1175,antenna,0.35,165,106,197,176
1176,antenna,0.49,222,134,248,198
1176,antenna,0.48,290,163,309,231
1176,antenna,0.35,165,106,197,177
1177,antenna,0.49,289,164,309,232
1177,antenna,0.48,221,134,248,198
1177,antenna,0.38,164,105,197,177
1178,antenna,0.50,289,164,308,232
1178,antenna,0.49,221,133,248,198
1178,antenna,0.43,164,105,197,177
1179,antenna,0.53,288,164,308,233
1179,antenna,0.48,221,133,248,199
1179,antenna,0.44,165,104,197,177
1180,antenna,0.54,287,164,307,234
1180,antenna,0.50,220,132,249,199
1180,antenna,0.47,164,103,197,177
1181,antenna,0.56,287,165,306,234
1181,antenna,0.52,220,132,249,199
1181,antenna,0.49,165,104,197,177
1182,antenna,0.54,286,165,306,234
1182,antenna,0.51,220,133,249,199
1182,antenna,0.49,165,102,197,177
1183,antenna,0.53,285,166,306,234
1183,antenna,0.51,219,133,249,199
1183,antenna,0.47,165,104,197,177
1184,antenna,0.51,285,167,305,235
1184,antenna,0.51,219,133,249,199
1184,antenna,0.49,164,104,197,177
1185,antenna,0.51,218,134,249,199
1185,antenna,0.50,164,103,197,177
1185,antenna,0.48,284,167,305,236
1185,antenna,0.30,237,66,265,129
1186,antenna,0.52,218,134,249,199
1186,antenna,0.51,165,104,197,176
1186,antenna,0.50,283,168,305,235
1186,antenna,0.32,237,65,264,124
1187,antenna,0.52,164,103,198,177
1187,antenna,0.50,218,134,250,199
1187,antenna,0.47,283,167,304,236
1188,antenna,0.51,165,103,198,176
1188,antenna,0.51,218,134,250,199
1188,antenna,0.48,282,167,304,236
1189,antenna,0.52,217,134,250,199
1189,antenna,0.52,165,104,198,176
1189,antenna,0.48,282,167,303,236
1189,antenna,0.31,237,64,262,120
1190,antenna,0.51,165,103,199,176
1190,antenna,0.50,217,135,250,199
1190,antenna,0.47,282,167,302,237
1191,antenna,0.50,165,102,198,176
1191,antenna,0.49,217,135,249,199
1191,antenna,0.48,281,167,301,237
1192,antenna,0.53,165,103,198,176
1192,antenna,0.51,216,135,248,199
1192,antenna,0.49,280,168,301,237
1193,antenna,0.53,165,102,198,176
1193,antenna,0.50,280,168,300,238
1193,antenna,0.50,216,135,248,199
1194,antenna,0.53,165,101,198,176
1194,antenna,0.51,279,168,300,238
1194,antenna,0.49,216,135,248,199
1194,antenna,0.30,238,66,263,120
1195,antenna,0.53,279,168,300,238
1195,antenna,0.53,165,102,198,176
1195,antenna,0.51,216,135,248,198
1195,antenna,0.32,238,66,264,120
1196,antenna,0.52,278,168,299,238
1196,antenna,0.51,165,101,198,176
1196,antenna,0.49,216,135,248,199
1197,antenna,0.54,278,168,299,238
1197,antenna,0.50,215,135,247,199
1197,antenna,0.49,164,101,198,176
1198,antenna,0.57,278,169,298,238
1198,antenna,0.51,216,135,247,199
1198,antenna,0.49,165,103,198,175
1199,antenna,0.57,277,169,298,239
1199,antenna,0.49,165,102,198,175
1199,antenna,0.48,215,135,247,199
1200,antenna,0.57,277,170,298,239
1200,antenna,0.51,164,102,198,175
1200,antenna,0.49,215,134,247,199
1200,antenna,0.30,308,164,322,227
1201,antenna,0.56,276,171,297,239
1201,antenna,0.53,164,102,198,174
1201,antenna,0.49,215,134,247,199
1202,antenna,0.52,164,101,198,174
1202,antenna,0.51,276,170,297,240
1202,antenna,0.47,214,132,244,200
1203,antenna,0.55,166,97,201,173
1203,antenna,0.50,275,170,296,240
1203,antenna,0.46,214,132,244,200
1204,antenna,0.58,167,97,201,172
1204,antenna,0.52,275,171,296,240
1204,antenna,0.47,214,132,244,200
1205,antenna,0.59,166,93,201,173
1205,antenna,0.51,274,171,295,240
1205,antenna,0.46,214,131,244,200
1206,antenna,0.60,167,93,201,173
1206,antenna,0.50,273,171,294,240
1206,antenna,0.46,214,132,244,200
1207,antenna,0.61,167,97,201,172
1207,antenna,0.52,273,171,294,240
1207,antenna,0.48,214,132,243,200
1208,antenna,0.60,167,96,201,173
1208,antenna,0.53,273,171,293,241
1208,antenna,0.49,214,131,243,201
1209,antenna,0.58,168,99,201,173
1209,antenna,0.53,272,171,293,241
1209,antenna,0.49,214,132,242,201
1210,antenna,0.59,168,99,200,173
1210,antenna,0.55,272,172,293,242
1210,antenna,0.50,214,131,242,200
1211,antenna,0.56,169,98,201,174
1211,antenna,0.55,272,172,292,243
1211,antenna,0.50,214,131,242,201
1211,antenna,0.33,303,167,319,235
1212,antenna,0.57,271,172,292,244
1212,antenna,0.57,169,98,201,174
1212,antenna,0.49,214,131,242,201
1212,antenna,0.35,303,167,318,236
1213,antenna,0.61,271,173,291,244
1213,antenna,0.58,170,97,201,173
1213,antenna,0.51,214,130,242,200
1213,antenna,0.39,303,167,318,235
1214,antenna,0.60,270,174,291,245
1214,antenna,0.58,170,98,201,173
1214,antenna,0.50,214,129,242,201
1214,antenna,0.38,302,167,318,236
1215,antenna,0.61,270,174,290,244
1215,antenna,0.59,171,98,201,172
1215,antenna,0.50,214,128,242,201
1215,antenna,0.42,302,167,318,236
1216,antenna,0.63,270,175,290,244
1216,antenna,0.58,171,99,200,171
1216,antenna,0.51,214,128,241,200
1216,antenna,0.44,302,168,317,236
1216,antenna,0.32,245,68,268,122
1217,antenna,0.62,269,174,290,245
1217,antenna,0.55,170,98,200,172
1217,antenna,0.49,214,128,241,201
1217,antenna,0.42,301,168,317,236
1218,antenna,0.61,269,174,290,246
1218,antenna,0.53,171,97,201,172
1218,antenna,0.48,213,128,242,202
1218,antenna,0.40,300,168,317,236
1218,antenna,0.32,245,69,270,125
1219,antenna,0.61,269,174,289,246
1219,antenna,0.56,171,98,201,170
1219,antenna,0.49,213,130,241,201
1219,antenna,0.44,300,169,317,237
1219,antenna,0.33,245,69,269,128
1219,antenna,0.30,317,103,333,188
1220,antenna,0.57,268,174,289,247
1220,antenna,0.53,171,96,202,171
1220,antenna,0.49,213,130,241,202
1220,antenna,0.42,300,168,316,238
1220,antenna,0.31,245,69,270,131
1221,antenna,0.53,268,174,288,248
1221,antenna,0.52,172,97,202,171
1221,antenna,0.49,213,129,241,202
1221,antenna,0.42,300,168,315,238
1221,antenna,0.34,245,69,270,130
1222,antenna,0.52,172,97,202,171
1222,antenna,0.50,267,175,288,248
1222,antenna,0.50,213,129,241,201
1222,antenna,0.44,299,169,315,239
1222,antenna,0.37,246,69,269,123
1222,antenna,0.30,317,102,335,188
1223,antenna,0.52,172,95,203,171
1223,antenna,0.48,213,130,242,202
1223,antenna,0.47,266,175,287,249
1223,antenna,0.42,299,169,315,240
1224,antenna,0.51,172,94,203,172
1224,antenna,0.49,213,129,242,202
1224,antenna,0.46,266,176,287,249
1224,antenna,0.42,298,169,315,240
1225,antenna,0.51,172,94,204,173
1225,antenna,0.49,213,129,243,202
1225,antenna,0.47,265,177,287,248
1225,antenna,0.43,298,169,315,241
1226,antenna,0.50,172,94,204,174
1226,antenna,0.48,212,130,243,203
1226,antenna,0.42,265,177,286,249
1226,antenna,0.40,297,169,315,242
1227,antenna,0.51,172,93,205,173
1227,antenna,0.47,212,128,243,203
1227,antenna,0.44,264,177,286,249
1227,antenna,0.41,296,170,315,243
1228,antenna,0.53,172,93,204,171
1228,antenna,0.49,264,177,286,248
1228,antenna,0.47,212,129,243,202
1228,antenna,0.43,296,171,314,244
1229,antenna,0.52,172,93,204,172
1229,antenna,0.49,264,176,285,248
1229,antenna,0.45,212,130,242,203
1229,antenna,0.42,295,171,314,245
1230,antenna,0.51,173,94,204,171
1230,antenna,0.51,264,176,285,248
1230,antenna,0.45,212,130,242,202
1230,antenna,0.42,294,171,313,244
1231,antenna,0.54,264,177,284,247
1231,antenna,0.54,174,94,205,170
1231,antenna,0.46,213,130,242,202
1231,antenna,0.41,294,171,312,244
1231,antenna,0.31,315,104,334,192
1232,antenna,0.55,174,94,205,170
1232,antenna,0.53,263,177,284,248
1232,antenna,0.45,213,130,242,202
1232,antenna,0.37,294,171,311,245
1233,antenna,0.57,175,94,206,170
1233,antenna,0.56,263,177,283,249
1233,antenna,0.42,212,130,241,202
1233,antenna,0.37,293,170,311,246
1234,antenna,0.60,175,93,206,170
1234,antenna,0.58,263,178,283,249
1234,antenna,0.42,213,131,240,202
1234,antenna,0.40,293,170,310,247
1234,antenna,0.31,315,106,334,193
1235,antenna,0.59,174,92,206,170
1235,antenna,0.58,262,178,283,250
1235,antenna,0.42,292,170,310,248
1235,antenna,0.41,213,131,240,203
1235,antenna,0.33,315,106,334,195
1236,antenna,0.59,262,178,283,251
1236,antenna,0.59,174,91,207,170
1236,antenna,0.41,212,132,241,203
1236,antenna,0.40,292,170,310,248
1236,antenna,0.33,314,107,334,196
1237,antenna,0.60,261,179,282,251
1237,antenna,0.59,175,91,206,170
1237,antenna,0.45,291,172,310,245
1237,antenna,0.43,212,133,240,202
1237,antenna,0.35,315,107,334,195
1238,antenna,0.57,175,91,206,170
1238,antenna,0.55,260,178,282,252
1238,antenna,0.45,290,172,309,246
1238,antenna,0.42,212,133,241,202
1238,antenna,0.34,314,106,334,196
1239,antenna,0.57,175,91,207,170
1239,antenna,0.50,260,179,282,253
1239,antenna,0.45,290,171,308,245
1239,antenna,0.42,211,133,242,203
1239,antenna,0.32,314,104,334,196
1239,antenna,0.32,252,70,279,142
1240,antenna,0.59,175,91,206,169
1240,antenna,0.48,258,179,280,253
1240,antenna,0.46,290,171,308,245
1240,antenna,0.45,212,134,239,202
1240,antenna,0.34,252,71,279,141
1240,antenna,0.33,314,107,334,196
1241,antenna,0.59,176,91,206,169
1241,antenna,0.48,257,179,278,254
1241,antenna,0.45,289,171,308,247
1241,antenna,0.45,211,133,239,202
1241,antenna,0.35,252,71,279,143
1241,antenna,0.34,314,106,333,198
1242,antenna,0.57,176,93,206,169
1242,antenna,0.50,256,179,278,254
1242,antenna,0.46,289,170,307,247
1242,antenna,0.45,211,132,238,203
1242,antenna,0.35,314,107,333,198
1242,antenna,0.34,252,71,279,143
1243,antenna,0.58,176,93,206,169
1243,antenna,0.50,256,179,277,252
1243,antenna,0.48,289,170,307,248
1243,antenna,0.46,210,132,238,202
1243,antenna,0.36,314,108,332,198
1243,antenna,0.34,252,71,280,145
1244,antenna,0.57,176,92,206,169
1244,antenna,0.49,256,180,277,253
1244,antenna,0.47,288,171,307,248
1244,antenna,0.43,208,131,236,205
1244,antenna,0.36,314,108,332,199
1244,antenna,0.33,252,71,280,147
1245,antenna,0.56,176,93,207,169
1245,antenna,0.52,255,180,277,253
1245,antenna,0.46,287,173,307,248
1245,antenna,0.42,207,131,236,206
1245,antenna,0.38,313,108,332,200
1245,antenna,0.33,329,78,352,145
1245,antenna,0.32,253,71,280,148
1246,antenna,0.58,177,92,206,168
1246,antenna,0.56,255,180,276,252
1246,antenna,0.48,287,174,307,249
1246,antenna,0.44,207,131,235,205
1246,antenna,0.39,314,109,332,200
1246,antenna,0.33,330,80,352,146
1247,antenna,0.58,177,92,207,168
1247,antenna,0.56,255,179,276,254
1247,antenna,0.43,286,173,306,250
1247,antenna,0.42,206,130,235,205
1247,antenna,0.40,313,110,332,200
1247,antenna,0.31,330,80,353,146
1248,antenna,0.58,177,92,207,168
1248,antenna,0.58,255,179,276,255
1248,antenna,0.43,206,130,235,206
1248,antenna,0.41,286,174,304,249
1248,antenna,0.40,314,111,332,201
1248,antenna,0.32,330,80,353,147
1249,antenna,0.60,254,180,275,254
1249,antenna,0.59,177,91,207,168
1249,antenna,0.45,285,174,304,249
1249,antenna,0.44,206,130,235,205
1249,antenna,0.40,314,112,332,201
1249,antenna,0.33,330,80,354,147
1249,antenna,0.30,254,71,278,136
1250,antenna,0.59,177,91,208,168
1250,antenna,0.58,253,179,275,256
1250,antenna,0.44,284,173,303,251
1250,antenna,0.44,206,130,235,206
1250,antenna,0.39,313,112,333,201
1251,antenna,0.58,177,91,208,169
1251,antenna,0.52,253,179,276,257
1251,antenna,0.44,283,174,302,251
1251,antenna,0.43,205,130,235,206
1251,antenna,0.38,313,112,332,201
1251,antenna,0.33,330,79,354,149
1252,antenna,0.58,177,92,208,168
1252,antenna,0.51,252,179,276,256
1252,antenna,0.46,283,176,302,250
1252,antenna,0.44,206,131,235,205
1252,antenna,0.36,314,112,332,202
1252,antenna,0.35,331,79,355,150
1252,antenna,0.31,254,71,279,144
1253,antenna,0.57,177,92,208,169
1253,antenna,0.47,249,177,274,256
1253,antenna,0.47,282,176,301,249
1253,antenna,0.42,205,131,235,205
1253,antenna,0.33,313,112,332,202
1253,antenna,0.32,331,79,355,150
1253,antenna,0.32,254,71,279,144
1254,antenna,0.57,178,92,209,168
1254,antenna,0.46,248,177,273,256
1254,antenna,0.46,282,176,301,250
1254,antenna,0.42,205,130,235,205
1254,antenna,0.35,331,80,356,150
1254,antenna,0.32,313,112,332,203
1254,antenna,0.31,254,72,279,143
1255,antenna,0.59,178,92,209,167
1255,antenna,0.47,248,178,273,255
1255,antenna,0.47,282,177,301,249
1255,antenna,0.42,205,130,235,205
1255,antenna,0.33,333,80,356,150
1255,antenna,0.32,313,112,332,203
1255,antenna,0.32,254,72,280,143
1256,antenna,0.59,178,93,209,167
1256,antenna,0.46,281,177,301,250
1256,antenna,0.43,247,179,272,257
1256,antenna,0.41,205,129,235,206
1256,antenna,0.33,254,72,280,144
1256,antenna,0.32,313,113,332,203
1256,antenna,0.31,333,80,357,151
1257,antenna,0.61,178,93,209,166
1257,antenna,0.47,281,177,300,250
1257,antenna,0.44,246,179,272,257
1257,antenna,0.41,205,127,235,206
1257,antenna,0.33,254,72,280,139
1257,antenna,0.33,313,113,331,203
1257,antenna,0.31,333,81,357,151
1258,antenna,0.62,178,94,210,166
1258,antenna,0.48,281,178,300,252
1258,antenna,0.46,246,179,271,256
1258,antenna,0.42,205,129,235,205
1258,antenna,0.34,313,113,331,203
1258,antenna,0.34,333,81,357,151
1258,antenna,0.32,254,72,279,131
1259,antenna,0.60,178,93,210,167
1259,antenna,0.47,280,178,300,254
1259,antenna,0.46,245,179,270,258
1259,antenna,0.41,205,129,235,207
1259,antenna,0.33,313,114,332,203
1259,antenna,0.32,334,82,357,152
1260,antenna,0.60,179,93,211,167
1260,antenna,0.47,280,179,299,252
1260,antenna,0.46,245,179,270,258
1260,antenna,0.40,204,129,235,207
1260,antenna,0.33,313,115,332,204
1260,antenna,0.32,333,84,356,153
1261,antenna,0.60,179,94,211,166
1261,antenna,0.49,279,179,299,251
1261,antenna,0.48,245,179,269,257
1261,antenna,0.42,205,130,235,206
1261,antenna,0.37,333,85,356,153
1261,antenna,0.34,313,116,331,204
1262,antenna,0.60,179,93,211,168
1262,antenna,0.49,242,176,270,261
1262,antenna,0.49,279,179,299,252
1262,antenna,0.40,204,127,234,208
1262,antenna,0.36,334,85,356,155
1262,antenna,0.33,313,116,331,204
1263,antenna,0.60,180,93,211,168
1263,antenna,0.51,242,176,269,262
1263,antenna,0.47,278,179,298,252
1263,antenna,0.39,203,126,234,208
1263,antenna,0.38,334,87,357,155
1263,antenna,0.33,312,115,331,204
1264,antenna,0.60,180,93,211,168
1264,antenna,0.52,242,176,269,261
1264,antenna,0.47,278,180,297,253
1264,antenna,0.43,333,87,357,155
1264,antenna,0.40,203,125,234,207
1264,antenna,0.34,311,115,331,202
1265,antenna,0.59,180,93,212,169
1265,antenna,0.53,241,175,268,262
1265,antenna,0.44,277,180,297,255
1265,antenna,0.44,333,87,358,155
1265,antenna,0.39,202,125,234,208
1265,antenna,0.34,311,116,332,204
1265,antenna,0.31,257,74,284,158
1266,antenna,0.60,180,93,212,169
1266,antenna,0.53,240,175,268,262
1266,antenna,0.45,276,180,296,256
1266,antenna,0.43,333,87,358,155
1266,antenna,0.39,202,125,234,208
1266,antenna,0.35,311,116,332,203
1266,antenna,0.32,258,74,284,159
1267,antenna,0.62,180,93,213,168
1267,antenna,0.54,241,175,268,261
1267,antenna,0.48,275,181,295,256
1267,antenna,0.45,334,87,358,155
1267,antenna,0.41,203,128,234,208
1267,antenna,0.36,311,117,332,203
1267,antenna,0.35,258,75,284,158
1268,antenna,0.63,180,92,213,168
1268,antenna,0.52,240,175,268,262
1268,antenna,0.48,275,182,295,256
1268,antenna,0.44,333,87,358,157
1268,antenna,0.38,203,129,233,208
1268,antenna,0.35,311,117,332,203
1268,antenna,0.34,258,75,284,159
1269,antenna,0.64,181,91,213,169
1269,antenna,0.51,239,175,267,261
1269,antenna,0.47,274,183,295,254
1269,antenna,0.41,334,87,358,158
1269,antenna,0.39,203,129,233,208
1269,antenna,0.37,311,117,332,204
1269,antenna,0.35,259,74,284,160
1270,antenna,0.63,181,91,213,168
1270,antenna,0.52,239,175,267,261
1270,antenna,0.47,274,183,294,253
1270,antenna,0.41,334,87,359,158
1270,antenna,0.40,204,128,233,207
1270,antenna,0.37,311,117,332,204
1270,antenna,0.34,259,75,284,158
1271,antenna,0.63,181,91,213,168
1271,antenna,0.50,238,175,266,262
1271,antenna,0.47,273,182,294,254
1271,antenna,0.43,333,87,359,159
1271,antenna,0.38,202,122,232,207
1271,antenna,0.36,259,74,283,157
1271,antenna,0.35,311,117,332,205
1272,antenna,0.62,182,92,213,167
1272,antenna,0.50,238,176,265,262
1272,antenna,0.48,273,182,294,254
1272,antenna,0.46,334,87,359,160
1272,antenna,0.37,201,117,232,207
1272,antenna,0.36,260,75,283,148
1272,antenna,0.34,311,118,332,206
1273,antenna,0.62,182,92,213,167
1273,antenna,0.52,238,177,265,262
1273,antenna,0.49,273,183,293,255
1273,antenna,0.48,335,87,360,159
1273,antenna,0.39,260,75,283,147
1273,antenna,0.37,202,119,232,206
1273,antenna,0.37,310,120,331,206
1274,antenna,0.60,182,91,214,168
1274,antenna,0.50,237,177,265,263
1274,antenna,0.48,335,88,360,160
1274,antenna,0.47,273,183,293,256
1274,antenna,0.41,260,74,284,155
1274,antenna,0.35,311,119,331,206
1274,antenna,0.35,202,121,231,207
1275,antenna,0.57,182,90,215,168
1275,antenna,0.49,335,90,360,160
1275,antenna,0.48,236,176,265,262
1275,antenna,0.46,272,183,293,256
1275,antenna,0.43,259,75,284,155
1275,antenna,0.35,311,120,331,207
1275,antenna,0.35,202,123,231,207
1276,antenna,0.57,182,89,215,167
1276,antenna,0.49,336,90,360,160
1276,antenna,0.49,237,177,264,262
1276,antenna,0.47,272,183,292,256
1276,antenna,0.41,260,75,284,155
1276,antenna,0.38,203,124,231,206
1276,antenna,0.36,311,120,331,207
1277,antenna,0.55,182,90,215,168
1277,antenna,0.48,336,91,361,161
1277,antenna,0.46,236,176,264,262
1277,antenna,0.46,272,183,292,257
1277,antenna,0.38,260,75,284,154
1277,antenna,0.35,202,120,231,207
1277,antenna,0.35,311,121,331,207
1278,antenna,0.55,183,90,217,167
1278,antenna,0.47,236,179,264,261
1278,antenna,0.46,271,184,291,257
1278,antenna,0.46,336,91,361,161
1278,antenna,0.37,260,75,284,153
1278,antenna,0.36,202,119,231,206
1278,antenna,0.35,311,120,331,211
1279,antenna,0.55,183,91,216,167
1279,antenna,0.48,271,184,291,257
1279,antenna,0.47,337,93,361,161
1279,antenna,0.47,237,178,263,259
1279,antenna,0.38,203,120,231,205
1279,antenna,0.36,260,75,284,148
1279,antenna,0.35,311,121,330,211
1280,antenna,0.53,183,92,217,168
1280,antenna,0.48,336,93,361,162
1280,antenna,0.47,270,184,291,258
1280,antenna,0.45,237,178,263,260
1280,antenna,0.37,202,119,230,206
1280,antenna,0.34,311,122,331,212
1280,antenna,0.33,260,74,284,148
1281,antenna,0.51,184,93,217,169
1281,antenna,0.48,336,93,361,163
1281,antenna,0.48,269,185,290,259
1281,antenna,0.46,236,180,262,260
1281,antenna,0.37,260,74,285,152
1281,antenna,0.36,201,115,230,206
1281,antenna,0.33,310,123,330,210
1282,antenna,0.51,184,93,216,168
1282,antenna,0.50,338,94,362,163
1282,antenna,0.50,236,181,262,259
1282,antenna,0.50,269,185,289,258
1282,antenna,0.40,202,119,230,205
1282,antenna,0.36,260,75,285,151
1282,antenna,0.34,310,123,329,210
1283,antenna,0.51,184,93,216,169
1283,antenna,0.50,235,179,262,260
1283,antenna,0.50,337,93,362,164
1283,antenna,0.48,267,185,289,260
1283,antenna,0.37,201,117,230,206
1283,antenna,0.33,310,123,329,211
1283,antenna,0.32,261,75,285,151
1284,antenna,0.53,337,95,361,164
1284,antenna,0.51,184,94,216,170
1284,antenna,0.49,266,186,288,261
1284,antenna,0.47,235,179,261,260
1284,antenna,0.36,310,123,329,211
1284,antenna,0.35,201,116,230,206
1285,antenna,0.54,337,95,361,164
1285,antenna,0.52,266,187,288,259
1285,antenna,0.52,236,183,260,259
1285,antenna,0.52,184,94,216,169
1285,antenna,0.39,202,121,229,204
1285,antenna,0.37,310,124,329,211
1286,antenna,0.54,337,95,361,165
1286,antenna,0.52,266,187,287,258
1286,antenna,0.50,184,93,216,170
1286,antenna,0.49,235,183,260,259
1286,antenna,0.37,201,119,229,205
1286,antenna,0.37,310,124,329,211
1287,antenna,0.52,265,187,287,258
1287,antenna,0.52,337,94,362,165
1287,antenna,0.48,234,183,260,259
1287,antenna,0.48,184,92,217,171
1287,antenna,0.38,309,124,329,212
1287,antenna,0.38,201,117,230,205
1288,antenna,0.53,265,187,286,257
1288,antenna,0.51,337,94,362,166
1288,antenna,0.48,185,92,217,171
1288,antenna,0.47,233,184,259,259
1288,antenna,0.40,309,125,328,212
1288,antenna,0.39,203,119,233,202
1289,antenna,0.51,336,94,362,166
1289,antenna,0.49,265,188,286,258
1289,antenna,0.46,185,92,217,171
1289,antenna,0.44,230,183,258,264
1289,antenna,0.41,309,125,328,213
1289,antenna,0.38,202,117,233,203
1290,antenna,0.52,336,95,362,167
1290,antenna,0.48,264,189,286,260
1290,antenna,0.47,185,92,218,171
1290,antenna,0.43,229,183,258,263
1290,antenna,0.42,308,126,327,213
1290,antenna,0.37,202,118,233,203
1291,antenna,0.51,337,96,362,166
1291,antenna,0.49,185,92,218,170
1291,antenna,0.49,264,189,285,259
1291,antenna,0.47,229,183,258,263
1291,antenna,0.43,308,126,327,213
1291,antenna,0.38,202,118,233,203
1292,antenna,0.49,185,92,219,171
1292,antenna,0.49,263,189,284,261
1292,antenna,0.47,336,96,363,166
1292,antenna,0.44,308,125,327,213
1292,antenna,0.44,228,181,257,262
1292,antenna,0.36,202,115,234,202
1292,antenna,0.30,263,75,288,147
1293,antenna,0.49,263,189,284,262
1293,antenna,0.47,186,93,219,171
1293,antenna,0.46,307,125,327,213
1293,antenna,0.45,337,96,363,167
1293,antenna,0.41,228,183,256,263
1293,antenna,0.36,201,115,234,202
1294,antenna,0.51,262,190,283,261
1294,antenna,0.47,307,126,327,213
1294,antenna,0.47,186,93,219,170
1294,antenna,0.44,341,96,365,166
1294,antenna,0.41,228,186,256,262
1294,antenna,0.36,201,114,235,202
1294,antenna,0.31,264,76,289,152
1295,antenna,0.53,262,189,283,260
1295,antenna,0.47,307,126,327,214
1295,antenna,0.45,186,92,219,171
1295,antenna,0.44,340,96,365,167
1295,antenna,0.38,227,185,256,262
1295,antenna,0.35,201,111,235,203
1295,antenna,0.33,263,76,288,152
1296,antenna,0.54,261,190,283,260
1296,antenna,0.47,307,127,326,214
1296,antenna,0.45,186,93,219,171
1296,antenna,0.43,341,96,365,168
1296,antenna,0.40,227,184,255,261
1296,antenna,0.35,263,75,288,152
1296,antenna,0.34,201,114,235,203
1297,antenna,0.55,261,190,282,260
1297,antenna,0.49,307,128,326,214
1297,antenna,0.45,342,97,365,167
1297,antenna,0.44,186,93,219,170
1297,antenna,0.43,227,187,254,260
1297,antenna,0.35,201,115,235,202
1297,antenna,0.33,264,75,288,151
1298,antenna,0.53,260,190,282,260
1298,antenna,0.49,307,128,326,214
1298,antenna,0.45,342,98,365,168
1298,antenna,0.41,186,91,219,171
1298,antenna,0.40,226,181,255,261
1298,antenna,0.34,264,75,289,152
1298,antenna,0.33,201,114,235,202
1299,antenna,0.53,260,190,281,260
1299,antenna,0.50,307,128,326,215
1299,antenna,0.46,342,98,365,168
1299,antenna,0.44,186,90,221,169
1299,antenna,0.39,224,176,254,256
1299,antenna,0.35,264,75,289,152
1299,antenna,0.31,201,113,235,201
1299,antenna,0.30,222,155,253,261
1300,antenna,0.53,259,191,280,259
1300,antenna,0.50,306,130,325,215
1300,antenna,0.47,343,99,365,168
1300,antenna,0.45,186,90,221,168
1300,antenna,0.39,223,173,254,255
1300,antenna,0.35,265,76,290,150
1301,antenna,0.50,258,191,280,260
1301,antenna,0.49,306,129,325,215
1301,antenna,0.47,343,98,365,169
1301,antenna,0.42,186,91,221,169
1301,antenna,0.40,265,76,290,152
1301,antenna,0.31,222,165,254,257
1302,antenna,0.51,258,192,279,260
1302,antenna,0.50,306,130,325,216
1302,antenna,0.48,343,99,365,169
1302,antenna,0.40,266,76,290,152
1302,antenna,0.39,185,90,223,178
1303,antenna,0.53,258,192,279,260
1303,antenna,0.51,306,130,325,216
1303,antenna,0.49,343,100,365,169
1303,antenna,0.39,185,91,222,177
1303,antenna,0.38,267,77,290,151
1303,antenna,0.31,225,180,253,259
1304,antenna,0.52,257,191,278,260
1304,antenna,0.49,306,130,325,217
1304,antenna,0.49,342,100,365,169
1304,antenna,0.39,267,76,290,152
1304,antenna,0.36,187,92,220,168
1305,antenna,0.52,257,192,278,261
1305,antenna,0.48,342,99,366,169
1305,antenna,0.48,305,130,325,217
1305,antenna,0.37,267,78,291,156
1305,antenna,0.35,187,91,221,168
1305,antenna,0.32,225,182,253,259
1306,antenna,0.52,257,192,277,261
1306,antenna,0.49,342,99,366,170
1306,antenna,0.47,305,131,324,218
1306,antenna,0.37,187,91,220,167
1306,antenna,0.37,267,78,290,156
1306,antenna,0.35,224,185,252,259
1306,antenna,0.31,220,174,251,256
1307,antenna,0.51,256,192,277,262
1307,antenna,0.50,341,101,366,170
1307,antenna,0.47,305,130,324,218
1307,antenna,0.37,268,76,291,153
1307,antenna,0.30,186,90,224,179
1308,antenna,0.51,255,193,276,261
1308,antenna,0.49,341,101,366,171
1308,antenna,0.46,305,131,324,218
1308,antenna,0.34,268,77,291,153
1309,antenna,0.54,255,193,276,261
1309,antenna,0.52,341,102,366,170
1309,antenna,0.47,305,132,324,218
1309,antenna,0.35,268,76,291,153
1309,antenna,0.31,188,92,221,165
1310,antenna,0.54,254,194,276,262
1310,antenna,0.51,341,103,366,171
1310,antenna,0.47,305,132,324,218
1310,antenna,0.40,267,79,291,157
1311,antenna,0.56,253,194,275,262
1311,antenna,0.50,341,103,366,172
1311,antenna,0.46,305,133,324,216
1311,antenna,0.45,267,80,292,156
1312,antenna,0.59,253,195,275,262
1312,antenna,0.50,341,104,367,172
1312,antenna,0.50,267,80,292,155
1312,antenna,0.47,305,134,324,216
1312,antenna,0.30,214,160,252,256
1313,antenna,0.59,251,195,275,263
1313,antenna,0.54,267,80,293,157
1313,antenna,0.50,340,104,367,174
1313,antenna,0.47,305,134,324,217
1314,antenna,0.59,250,195,275,263
1314,antenna,0.55,266,80,293,157
1314,antenna,0.49,341,104,367,174
1314,antenna,0.47,304,134,325,218
1314,antenna,0.31,210,133,255,258
1315,antenna,0.60,250,196,274,263
1315,antenna,0.55,266,80,293,156
1315,antenna,0.51,342,104,368,174
1315,antenna,0.48,304,134,324,218
1315,antenna,0.35,209,132,255,257
1316,antenna,0.56,249,195,274,264
1316,antenna,0.54,267,80,294,157
1316,antenna,0.53,341,104,368,175
1316,antenna,0.48,304,134,325,219
1316,antenna,0.37,205,129,259,253
1317,antenna,0.54,248,193,274,265
1317,antenna,0.51,267,80,295,157
1317,antenna,0.50,341,105,369,175
1317,antenna,0.48,303,134,325,220
1317,antenna,0.37,204,129,260,254
1318,antenna,0.53,342,106,369,175
1318,antenna,0.52,248,193,273,265
1318,antenna,0.50,303,134,325,220
1318,antenna,0.49,267,79,295,157
1318,antenna,0.39,206,130,256,260
1319,antenna,0.52,341,106,369,176
1319,antenna,0.49,303,134,324,221
1319,antenna,0.49,248,192,273,266
1319,antenna,0.48,267,80,295,158
1319,antenna,0.33,206,128,257,261
1320,antenna,0.53,342,108,370,175
1320,antenna,0.49,248,193,272,265
1320,antenna,0.49,302,134,324,221
1320,antenna,0.43,267,79,296,157
1320,antenna,0.35,204,131,259,253
1321,antenna,0.54,343,108,369,176
1321,antenna,0.54,248,195,271,264
1321,antenna,0.50,302,135,324,221
1321,antenna,0.41,268,80,293,151
1321,antenna,0.40,206,132,255,259
1322,antenna,0.55,343,108,370,176
1322,antenna,0.54,248,194,271,264
1322,antenna,0.49,302,135,324,223
1322,antenna,0.33,202,119,252,254
1322,antenna,0.32,269,81,294,150
1323,antenna,0.56,343,108,370,177
1323,antenna,0.56,247,194,272,265
1323,antenna,0.50,302,135,324,223
1323,antenna,0.36,202,122,251,253
1324,antenna,0.58,344,108,370,177
1324,antenna,0.57,247,195,271,264
1324,antenna,0.50,302,136,324,223
1324,antenna,0.34,270,81,293,141
1324,antenna,0.33,204,126,251,252
1325,antenna,0.58,343,108,370,177
1325,antenna,0.55,246,194,271,265
1325,antenna,0.51,302,137,324,223
1326,antenna,0.57,343,108,370,178
1326,antenna,0.54,245,194,271,265
1326,antenna,0.50,302,137,324,223
1326,antenna,0.31,202,122,251,253
1327,antenna,0.56,343,108,370,178
1327,antenna,0.55,244,194,271,266
1327,antenna,0.50,301,138,324,223
1327,antenna,0.32,202,125,251,252
1328,antenna,0.55,343,108,371,178
1328,antenna,0.49,301,138,324,223
1328,antenna,0.47,244,195,271,267
1329,antenna,0.54,343,108,372,178
1329,antenna,0.52,300,140,324,222
1329,antenna,0.36,243,195,270,267
1330,antenna,0.56,343,108,372,178
1330,antenna,0.54,300,141,324,222
1330,antenna,0.32,244,196,270,265
1331,antenna,0.54,299,141,325,223
1331,antenna,0.36,344,109,373,179
1332,antenna,0.52,299,141,325,224
1333,antenna,0.40,298,142,326,225
